Workbook
Name Tracker_Month: 'Tracker'!$D$1
Name Tracker_Dates: 'Tracker'!$D$2:$AH$2
Name Tracker_Habits: 'Tracker'!$B$3:$B$32
Name Tracker_Categories: 'Tracker'!$C$3:$C$32
Name Tracker_DataRange: 'Tracker'!$D$3:$AH$32
Name Summary_Progress: 'Summary'!$D$2:$D$31
Name Dashboard_TopN: 'Dashboard'!$Q$11

Sheet Dashboard
A1: ="Monthly Habit Dashboard — "&TEXT(Tracker!D1,"MMMM YYYY")
A3: Clean monthly snapshot with live formulas, chart-ready helper data, and Google Sheets automation support.
A4: TOTAL HABITS | D4: AVERAGE COMPLETION % | G4: HABITS > 80% | J4: ACTIVE STREAK LEADER | M4: BEST IMPROVEMENT VS PREV
A5: =COUNTA(Habits!B2:B31) | D5: =IFERROR(AVERAGE(Summary!D2:D31),0) | G5: =COUNTIF(Summary!D2:D31,">=0.8") | J5: =MAX(Summary!F2:F31) | M5: =IFERROR(MAX(Helper!M2:M31),0)
A7: ="tracked this month" | D7: ="across active days" | G7: ="high consistency habits" | J7: =IFERROR(INDEX(Summary!B2:B31,MATCH(MAX(Summary!F2:F31),Summary!F2:F31,0)),"—") | M7: =IFERROR(INDEX(Helper!G2:G31,MATCH(MAX(Helper!M2:M31),Helper!M2:M31,0)),"Archive a month to activate")
N10: Top Habits
N11: Show Top N | Q11: 10
N12: Quick Actions
N13: 1. Change month in Tracker!D1
N14: 2. Run Tracker Tools > Setup / Refresh dashboard
N15: 3. Run Archive current month before rolling forward
N17: Rank | O17: Habit | P17: Completion | Q17: Label
N18: 1 | O18: =Helper!O2 | P18: =Helper!P2 | Q18: =Helper!Q2
N19: 2 | O19: =Helper!O3 | P19: =Helper!P3 | Q19: =Helper!Q3
N20: 3 | O20: =Helper!O4 | P20: =Helper!P4 | Q20: =Helper!Q4
N21: 4 | O21: =Helper!O5 | P21: =Helper!P5 | Q21: =Helper!Q5
N22: 5 | O22: =Helper!O6 | P22: =Helper!P6 | Q22: =Helper!Q6
N23: 6 | O23: =Helper!O7 | P23: =Helper!P7 | Q23: =Helper!Q7
A24: Monthly Heatmap | N24: 7 | O24: =Helper!O8 | P24: =Helper!P8 | Q24: =Helper!Q8
A25: Mon | B25: Tue | C25: Wed | D25: Thu | E25: Fri | F25: Sat | G25: Sun | N25: 8 | O25: =Helper!O9 | P25: =Helper!P9 | Q25: =Helper!Q9
A26: =IF(MONTH(Helper!$Z$2+0)=MONTH(Tracker!$D$1),TEXT(Helper!$Z$2+0,"d")&CHAR(10)&TEXT(INDEX(Helper!$C$2:$C$32,DAY(Helper!$Z$2+0)),"0%"),"") | B26: =IF(MONTH(Helper!$Z$2+1)=MONTH(Tracker!$D$1),TEXT(Helper!$Z$2+1,"d")&CHAR(10)&TEXT(INDEX(Helper!$C$2:$C$32,DAY(Helper!$Z$2+1)),"0%"),"") | C26: =IF(MONTH(Helper!$Z$2+2)=MONTH(Tracker!$D$1),TEXT(Helper!$Z$2+2,"d")&CHAR(10)&TEXT(INDEX(Helper!$C$2:$C$32,DAY(Helper!$Z$2+2)),"0%"),"") | D26: =IF(MONTH(Helper!$Z$2+3)=MONTH(Tracker!$D$1),TEXT(Helper!$Z$2+3,"d")&CHAR(10)&TEXT(INDEX(Helper!$C$2:$C$32,DAY(Helper!$Z$2+3)),"0%"),"") | E26: =IF(MONTH(Helper!$Z$2+4)=MONTH(Tracker!$D$1),TEXT(Helper!$Z$2+4,"d")&CHAR(10)&TEXT(INDEX(Helper!$C$2:$C$32,DAY(Helper!$Z$2+4)),"0%"),"") | F26: =IF(MONTH(Helper!$Z$2+5)=MONTH(Tracker!$D$1),TEXT(Helper!$Z$2+5,"d")&CHAR(10)&TEXT(INDEX(Helper!$C$2:$C$32,DAY(Helper!$Z$2+5)),"0%"),"") | G26: =IF(MONTH(Helper!$Z$2+6)=MONTH(Tracker!$D$1),TEXT(Helper!$Z$2+6,"d")&CHAR(10)&TEXT(INDEX(Helper!$C$2:$C$32,DAY(Helper!$Z$2+6)),"0%"),"") | N26: 9 | O26: =Helper!O10 | P26: =Helper!P10 | Q26: =Helper!Q10 | U26: =IF(MONTH(Helper!$Z$2+0)=MONTH(Tracker!$D$1),INDEX(Helper!$C$2:$C$32,DAY(Helper!$Z$2+0)),"") | V26: =IF(MONTH(Helper!$Z$2+1)=MONTH(Tracker!$D$1),INDEX(Helper!$C$2:$C$32,DAY(Helper!$Z$2+1)),"") | W26: =IF(MONTH(Helper!$Z$2+2)=MONTH(Tracker!$D$1),INDEX(Helper!$C$2:$C$32,DAY(Helper!$Z$2+2)),"") | X26: =IF(MONTH(Helper!$Z$2+3)=MONTH(Tracker!$D$1),INDEX(Helper!$C$2:$C$32,DAY(Helper!$Z$2+3)),"") | Y26: =IF(MONTH(Helper!$Z$2+4)=MONTH(Tracker!$D$1),INDEX(Helper!$C$2:$C$32,DAY(Helper!$Z$2+4)),"") | Z26: =IF(MONTH(Helper!$Z$2+5)=MONTH(Tracker!$D$1),INDEX(Helper!$C$2:$C$32,DAY(Helper!$Z$2+5)),"") | AA26: =IF(MONTH(Helper!$Z$2+6)=MONTH(Tracker!$D$1),INDEX(Helper!$C$2:$C$32,DAY(Helper!$Z$2+6)),"")
A27: =IF(MONTH(Helper!$Z$2+7)=MONTH(Tracker!$D$1),TEXT(Helper!$Z$2+7,"d")&CHAR(10)&TEXT(INDEX(Helper!$C$2:$C$32,DAY(Helper!$Z$2+7)),"0%"),"") | B27: =IF(MONTH(Helper!$Z$2+8)=MONTH(Tracker!$D$1),TEXT(Helper!$Z$2+8,"d")&CHAR(10)&TEXT(INDEX(Helper!$C$2:$C$32,DAY(Helper!$Z$2+8)),"0%"),"") | C27: =IF(MONTH(Helper!$Z$2+9)=MONTH(Tracker!$D$1),TEXT(Helper!$Z$2+9,"d")&CHAR(10)&TEXT(INDEX(Helper!$C$2:$C$32,DAY(Helper!$Z$2+9)),"0%"),"") | D27: =IF(MONTH(Helper!$Z$2+10)=MONTH(Tracker!$D$1),TEXT(Helper!$Z$2+10,"d")&CHAR(10)&TEXT(INDEX(Helper!$C$2:$C$32,DAY(Helper!$Z$2+10)),"0%"),"") | E27: =IF(MONTH(Helper!$Z$2+11)=MONTH(Tracker!$D$1),TEXT(Helper!$Z$2+11,"d")&CHAR(10)&TEXT(INDEX(Helper!$C$2:$C$32,DAY(Helper!$Z$2+11)),"0%"),"") | F27: =IF(MONTH(Helper!$Z$2+12)=MONTH(Tracker!$D$1),TEXT(Helper!$Z$2+12,"d")&CHAR(10)&TEXT(INDEX(Helper!$C$2:$C$32,DAY(Helper!$Z$2+12)),"0%"),"") | G27: =IF(MONTH(Helper!$Z$2+13)=MONTH(Tracker!$D$1),TEXT(Helper!$Z$2+13,"d")&CHAR(10)&TEXT(INDEX(Helper!$C$2:$C$32,DAY(Helper!$Z$2+13)),"0%"),"") | N27: 10 | O27: =Helper!O11 | P27: =Helper!P11 | Q27: =Helper!Q11 | U27: =IF(MONTH(Helper!$Z$2+7)=MONTH(Tracker!$D$1),INDEX(Helper!$C$2:$C$32,DAY(Helper!$Z$2+7)),"") | V27: =IF(MONTH(Helper!$Z$2+8)=MONTH(Tracker!$D$1),INDEX(Helper!$C$2:$C$32,DAY(Helper!$Z$2+8)),"") | W27: =IF(MONTH(Helper!$Z$2+9)=MONTH(Tracker!$D$1),INDEX(Helper!$C$2:$C$32,DAY(Helper!$Z$2+9)),"") | X27: =IF(MONTH(Helper!$Z$2+10)=MONTH(Tracker!$D$1),INDEX(Helper!$C$2:$C$32,DAY(Helper!$Z$2+10)),"") | Y27: =IF(MONTH(Helper!$Z$2+11)=MONTH(Tracker!$D$1),INDEX(Helper!$C$2:$C$32,DAY(Helper!$Z$2+11)),"") | Z27: =IF(MONTH(Helper!$Z$2+12)=MONTH(Tracker!$D$1),INDEX(Helper!$C$2:$C$32,DAY(Helper!$Z$2+12)),"") | AA27: =IF(MONTH(Helper!$Z$2+13)=MONTH(Tracker!$D$1),INDEX(Helper!$C$2:$C$32,DAY(Helper!$Z$2+13)),"")
A28: =IF(MONTH(Helper!$Z$2+14)=MONTH(Tracker!$D$1),TEXT(Helper!$Z$2+14,"d")&CHAR(10)&TEXT(INDEX(Helper!$C$2:$C$32,DAY(Helper!$Z$2+14)),"0%"),"") | B28: =IF(MONTH(Helper!$Z$2+15)=MONTH(Tracker!$D$1),TEXT(Helper!$Z$2+15,"d")&CHAR(10)&TEXT(INDEX(Helper!$C$2:$C$32,DAY(Helper!$Z$2+15)),"0%"),"") | C28: =IF(MONTH(Helper!$Z$2+16)=MONTH(Tracker!$D$1),TEXT(Helper!$Z$2+16,"d")&CHAR(10)&TEXT(INDEX(Helper!$C$2:$C$32,DAY(Helper!$Z$2+16)),"0%"),"") | D28: =IF(MONTH(Helper!$Z$2+17)=MONTH(Tracker!$D$1),TEXT(Helper!$Z$2+17,"d")&CHAR(10)&TEXT(INDEX(Helper!$C$2:$C$32,DAY(Helper!$Z$2+17)),"0%"),"") | E28: =IF(MONTH(Helper!$Z$2+18)=MONTH(Tracker!$D$1),TEXT(Helper!$Z$2+18,"d")&CHAR(10)&TEXT(INDEX(Helper!$C$2:$C$32,DAY(Helper!$Z$2+18)),"0%"),"") | F28: =IF(MONTH(Helper!$Z$2+19)=MONTH(Tracker!$D$1),TEXT(Helper!$Z$2+19,"d")&CHAR(10)&TEXT(INDEX(Helper!$C$2:$C$32,DAY(Helper!$Z$2+19)),"0%"),"") | G28: =IF(MONTH(Helper!$Z$2+20)=MONTH(Tracker!$D$1),TEXT(Helper!$Z$2+20,"d")&CHAR(10)&TEXT(INDEX(Helper!$C$2:$C$32,DAY(Helper!$Z$2+20)),"0%"),"") | U28: =IF(MONTH(Helper!$Z$2+14)=MONTH(Tracker!$D$1),INDEX(Helper!$C$2:$C$32,DAY(Helper!$Z$2+14)),"") | V28: =IF(MONTH(Helper!$Z$2+15)=MONTH(Tracker!$D$1),INDEX(Helper!$C$2:$C$32,DAY(Helper!$Z$2+15)),"") | W28: =IF(MONTH(Helper!$Z$2+16)=MONTH(Tracker!$D$1),INDEX(Helper!$C$2:$C$32,DAY(Helper!$Z$2+16)),"") | X28: =IF(MONTH(Helper!$Z$2+17)=MONTH(Tracker!$D$1),INDEX(Helper!$C$2:$C$32,DAY(Helper!$Z$2+17)),"") | Y28: =IF(MONTH(Helper!$Z$2+18)=MONTH(Tracker!$D$1),INDEX(Helper!$C$2:$C$32,DAY(Helper!$Z$2+18)),"") | Z28: =IF(MONTH(Helper!$Z$2+19)=MONTH(Tracker!$D$1),INDEX(Helper!$C$2:$C$32,DAY(Helper!$Z$2+19)),"") | AA28: =IF(MONTH(Helper!$Z$2+20)=MONTH(Tracker!$D$1),INDEX(Helper!$C$2:$C$32,DAY(Helper!$Z$2+20)),"")
A29: =IF(MONTH(Helper!$Z$2+21)=MONTH(Tracker!$D$1),TEXT(Helper!$Z$2+21,"d")&CHAR(10)&TEXT(INDEX(Helper!$C$2:$C$32,DAY(Helper!$Z$2+21)),"0%"),"") | B29: =IF(MONTH(Helper!$Z$2+22)=MONTH(Tracker!$D$1),TEXT(Helper!$Z$2+22,"d")&CHAR(10)&TEXT(INDEX(Helper!$C$2:$C$32,DAY(Helper!$Z$2+22)),"0%"),"") | C29: =IF(MONTH(Helper!$Z$2+23)=MONTH(Tracker!$D$1),TEXT(Helper!$Z$2+23,"d")&CHAR(10)&TEXT(INDEX(Helper!$C$2:$C$32,DAY(Helper!$Z$2+23)),"0%"),"") | D29: =IF(MONTH(Helper!$Z$2+24)=MONTH(Tracker!$D$1),TEXT(Helper!$Z$2+24,"d")&CHAR(10)&TEXT(INDEX(Helper!$C$2:$C$32,DAY(Helper!$Z$2+24)),"0%"),"") | E29: =IF(MONTH(Helper!$Z$2+25)=MONTH(Tracker!$D$1),TEXT(Helper!$Z$2+25,"d")&CHAR(10)&TEXT(INDEX(Helper!$C$2:$C$32,DAY(Helper!$Z$2+25)),"0%"),"") | F29: =IF(MONTH(Helper!$Z$2+26)=MONTH(Tracker!$D$1),TEXT(Helper!$Z$2+26,"d")&CHAR(10)&TEXT(INDEX(Helper!$C$2:$C$32,DAY(Helper!$Z$2+26)),"0%"),"") | G29: =IF(MONTH(Helper!$Z$2+27)=MONTH(Tracker!$D$1),TEXT(Helper!$Z$2+27,"d")&CHAR(10)&TEXT(INDEX(Helper!$C$2:$C$32,DAY(Helper!$Z$2+27)),"0%"),"") | U29: =IF(MONTH(Helper!$Z$2+21)=MONTH(Tracker!$D$1),INDEX(Helper!$C$2:$C$32,DAY(Helper!$Z$2+21)),"") | V29: =IF(MONTH(Helper!$Z$2+22)=MONTH(Tracker!$D$1),INDEX(Helper!$C$2:$C$32,DAY(Helper!$Z$2+22)),"") | W29: =IF(MONTH(Helper!$Z$2+23)=MONTH(Tracker!$D$1),INDEX(Helper!$C$2:$C$32,DAY(Helper!$Z$2+23)),"") | X29: =IF(MONTH(Helper!$Z$2+24)=MONTH(Tracker!$D$1),INDEX(Helper!$C$2:$C$32,DAY(Helper!$Z$2+24)),"") | Y29: =IF(MONTH(Helper!$Z$2+25)=MONTH(Tracker!$D$1),INDEX(Helper!$C$2:$C$32,DAY(Helper!$Z$2+25)),"") | Z29: =IF(MONTH(Helper!$Z$2+26)=MONTH(Tracker!$D$1),INDEX(Helper!$C$2:$C$32,DAY(Helper!$Z$2+26)),"") | AA29: =IF(MONTH(Helper!$Z$2+27)=MONTH(Tracker!$D$1),INDEX(Helper!$C$2:$C$32,DAY(Helper!$Z$2+27)),"")
A30: =IF(MONTH(Helper!$Z$2+28)=MONTH(Tracker!$D$1),TEXT(Helper!$Z$2+28,"d")&CHAR(10)&TEXT(INDEX(Helper!$C$2:$C$32,DAY(Helper!$Z$2+28)),"0%"),"") | B30: =IF(MONTH(Helper!$Z$2+29)=MONTH(Tracker!$D$1),TEXT(Helper!$Z$2+29,"d")&CHAR(10)&TEXT(INDEX(Helper!$C$2:$C$32,DAY(Helper!$Z$2+29)),"0%"),"") | C30: =IF(MONTH(Helper!$Z$2+30)=MONTH(Tracker!$D$1),TEXT(Helper!$Z$2+30,"d")&CHAR(10)&TEXT(INDEX(Helper!$C$2:$C$32,DAY(Helper!$Z$2+30)),"0%"),"") | D30: =IF(MONTH(Helper!$Z$2+31)=MONTH(Tracker!$D$1),TEXT(Helper!$Z$2+31,"d")&CHAR(10)&TEXT(INDEX(Helper!$C$2:$C$32,DAY(Helper!$Z$2+31)),"0%"),"") | E30: =IF(MONTH(Helper!$Z$2+32)=MONTH(Tracker!$D$1),TEXT(Helper!$Z$2+32,"d")&CHAR(10)&TEXT(INDEX(Helper!$C$2:$C$32,DAY(Helper!$Z$2+32)),"0%"),"") | F30: =IF(MONTH(Helper!$Z$2+33)=MONTH(Tracker!$D$1),TEXT(Helper!$Z$2+33,"d")&CHAR(10)&TEXT(INDEX(Helper!$C$2:$C$32,DAY(Helper!$Z$2+33)),"0%"),"") | G30: =IF(MONTH(Helper!$Z$2+34)=MONTH(Tracker!$D$1),TEXT(Helper!$Z$2+34,"d")&CHAR(10)&TEXT(INDEX(Helper!$C$2:$C$32,DAY(Helper!$Z$2+34)),"0%"),"") | U30: =IF(MONTH(Helper!$Z$2+28)=MONTH(Tracker!$D$1),INDEX(Helper!$C$2:$C$32,DAY(Helper!$Z$2+28)),"") | V30: =IF(MONTH(Helper!$Z$2+29)=MONTH(Tracker!$D$1),INDEX(Helper!$C$2:$C$32,DAY(Helper!$Z$2+29)),"") | W30: =IF(MONTH(Helper!$Z$2+30)=MONTH(Tracker!$D$1),INDEX(Helper!$C$2:$C$32,DAY(Helper!$Z$2+30)),"") | X30: =IF(MONTH(Helper!$Z$2+31)=MONTH(Tracker!$D$1),INDEX(Helper!$C$2:$C$32,DAY(Helper!$Z$2+31)),"") | Y30: =IF(MONTH(Helper!$Z$2+32)=MONTH(Tracker!$D$1),INDEX(Helper!$C$2:$C$32,DAY(Helper!$Z$2+32)),"") | Z30: =IF(MONTH(Helper!$Z$2+33)=MONTH(Tracker!$D$1),INDEX(Helper!$C$2:$C$32,DAY(Helper!$Z$2+33)),"") | AA30: =IF(MONTH(Helper!$Z$2+34)=MONTH(Tracker!$D$1),INDEX(Helper!$C$2:$C$32,DAY(Helper!$Z$2+34)),"")
A31: =IF(MONTH(Helper!$Z$2+35)=MONTH(Tracker!$D$1),TEXT(Helper!$Z$2+35,"d")&CHAR(10)&TEXT(INDEX(Helper!$C$2:$C$32,DAY(Helper!$Z$2+35)),"0%"),"") | B31: =IF(MONTH(Helper!$Z$2+36)=MONTH(Tracker!$D$1),TEXT(Helper!$Z$2+36,"d")&CHAR(10)&TEXT(INDEX(Helper!$C$2:$C$32,DAY(Helper!$Z$2+36)),"0%"),"") | C31: =IF(MONTH(Helper!$Z$2+37)=MONTH(Tracker!$D$1),TEXT(Helper!$Z$2+37,"d")&CHAR(10)&TEXT(INDEX(Helper!$C$2:$C$32,DAY(Helper!$Z$2+37)),"0%"),"") | D31: =IF(MONTH(Helper!$Z$2+38)=MONTH(Tracker!$D$1),TEXT(Helper!$Z$2+38,"d")&CHAR(10)&TEXT(INDEX(Helper!$C$2:$C$32,DAY(Helper!$Z$2+38)),"0%"),"") | E31: =IF(MONTH(Helper!$Z$2+39)=MONTH(Tracker!$D$1),TEXT(Helper!$Z$2+39,"d")&CHAR(10)&TEXT(INDEX(Helper!$C$2:$C$32,DAY(Helper!$Z$2+39)),"0%"),"") | F31: =IF(MONTH(Helper!$Z$2+40)=MONTH(Tracker!$D$1),TEXT(Helper!$Z$2+40,"d")&CHAR(10)&TEXT(INDEX(Helper!$C$2:$C$32,DAY(Helper!$Z$2+40)),"0%"),"") | G31: =IF(MONTH(Helper!$Z$2+41)=MONTH(Tracker!$D$1),TEXT(Helper!$Z$2+41,"d")&CHAR(10)&TEXT(INDEX(Helper!$C$2:$C$32,DAY(Helper!$Z$2+41)),"0%"),"") | U31: =IF(MONTH(Helper!$Z$2+35)=MONTH(Tracker!$D$1),INDEX(Helper!$C$2:$C$32,DAY(Helper!$Z$2+35)),"") | V31: =IF(MONTH(Helper!$Z$2+36)=MONTH(Tracker!$D$1),INDEX(Helper!$C$2:$C$32,DAY(Helper!$Z$2+36)),"") | W31: =IF(MONTH(Helper!$Z$2+37)=MONTH(Tracker!$D$1),INDEX(Helper!$C$2:$C$32,DAY(Helper!$Z$2+37)),"") | X31: =IF(MONTH(Helper!$Z$2+38)=MONTH(Tracker!$D$1),INDEX(Helper!$C$2:$C$32,DAY(Helper!$Z$2+38)),"") | Y31: =IF(MONTH(Helper!$Z$2+39)=MONTH(Tracker!$D$1),INDEX(Helper!$C$2:$C$32,DAY(Helper!$Z$2+39)),"") | Z31: =IF(MONTH(Helper!$Z$2+40)=MONTH(Tracker!$D$1),INDEX(Helper!$C$2:$C$32,DAY(Helper!$Z$2+40)),"") | AA31: =IF(MONTH(Helper!$Z$2+41)=MONTH(Tracker!$D$1),INDEX(Helper!$C$2:$C$32,DAY(Helper!$Z$2+41)),"")
A33: Legend
A34: Success | B34: #6BBF77
A35: Warning | B35: #D9A441
A36: Background | B36: #EEF2F4

Sheet Tracker
A1: Selected Month | D1: 46082 | F1: Change D1 to switch months
A2: # | B2: Habit | C2: Category | D2: 1 | E2: 2 | F2: 3 | G2: 4 | H2: 5 | I2: 6 | J2: 7 | K2: 8 | L2: 9 | M2: 10 | N2: 11 | O2: 12 | P2: 13 | Q2: 14 | R2: 15 | S2: 16 | T2: 17 | U2: 18 | V2: 19 | W2: 20 | X2: 21 | Y2: 22 | Z2: 23 | AA2: 24 | AB2: 25 | AC2: 26 | AD2: 27 | AE2: 28 | AF2: 29 | AG2: 30 | AH2: 31 | AI2: Progress % | AJ2: Longest Streak | AK2: Current Streak | AL2: Sparkline
A3: 1 | B3: =IF(Habits!B2="","",Habits!B2) | C3: =IF(Habits!C2="","",Habits!C2) | D3: FALSE | E3: FALSE | F3: FALSE | G3: FALSE | H3: FALSE | I3: FALSE | J3: FALSE | K3: FALSE | L3: FALSE | M3: FALSE | N3: FALSE | O3: FALSE | P3: FALSE | Q3: FALSE | R3: FALSE | S3: FALSE | T3: FALSE | U3: FALSE | V3: FALSE | W3: FALSE | X3: FALSE | Y3: FALSE | Z3: FALSE | AA3: FALSE | AB3: FALSE | AC3: FALSE | AD3: FALSE | AE3: FALSE | AF3: FALSE | AG3: FALSE | AH3: FALSE | AI3: =IFERROR(COUNTIF(D3:INDEX($D3:$AH3,1,Helper!$AA$2),TRUE)/Helper!$AA$2,0) | AJ3: =IF(Helper!$AA$2=0,0,MAX(ARRAYFORMULA(FREQUENCY(IF(D3:INDEX($D3:$AH3,1,Helper!$AA$2)=TRUE,COLUMN(D3:INDEX($D3:$AH3,1,Helper!$AA$2))),IF(D3:INDEX($D3:$AH3,1,Helper!$AA$2)=FALSE,COLUMN(D3:INDEX($D3:$AH3,1,Helper!$AA$2))))))) | AK3: =IF(Helper!$AA$2=0,0,IF(INDEX($D3:$AH3,1,Helper!$AA$2)=FALSE,0,IFERROR(Helper!$AA$2-LOOKUP(2,1/(D3:INDEX($D3:$AH3,1,Helper!$AA$2)=FALSE),COLUMN(D3:INDEX($D3:$AH3,1,Helper!$AA$2))-COLUMN(D3)+1),Helper!$AA$2))) | AL3: =IF(Helper!$AA$2=0,"",SPARKLINE(ARRAYFORMULA(N(D3:INDEX($D3:$AH3,1,Helper!$AA$2))),{"charttype","column";"max",1;"color1","#6BBF77";"empty","ignore"}))
A4: 2 | B4: =IF(Habits!B3="","",Habits!B3) | C4: =IF(Habits!C3="","",Habits!C3) | D4: FALSE | E4: FALSE | F4: FALSE | G4: FALSE | H4: FALSE | I4: FALSE | J4: FALSE | K4: FALSE | L4: FALSE | M4: FALSE | N4: FALSE | O4: FALSE | P4: FALSE | Q4: FALSE | R4: FALSE | S4: FALSE | T4: FALSE | U4: FALSE | V4: FALSE | W4: FALSE | X4: FALSE | Y4: FALSE | Z4: FALSE | AA4: FALSE | AB4: FALSE | AC4: FALSE | AD4: FALSE | AE4: FALSE | AF4: FALSE | AG4: FALSE | AH4: FALSE | AI4: =IFERROR(COUNTIF(D4:INDEX($D4:$AH4,1,Helper!$AA$2),TRUE)/Helper!$AA$2,0) | AJ4: =IF(Helper!$AA$2=0,0,MAX(ARRAYFORMULA(FREQUENCY(IF(D4:INDEX($D4:$AH4,1,Helper!$AA$2)=TRUE,COLUMN(D4:INDEX($D4:$AH4,1,Helper!$AA$2))),IF(D4:INDEX($D4:$AH4,1,Helper!$AA$2)=FALSE,COLUMN(D4:INDEX($D4:$AH4,1,Helper!$AA$2))))))) | AK4: =IF(Helper!$AA$2=0,0,IF(INDEX($D4:$AH4,1,Helper!$AA$2)=FALSE,0,IFERROR(Helper!$AA$2-LOOKUP(2,1/(D4:INDEX($D4:$AH4,1,Helper!$AA$2)=FALSE),COLUMN(D4:INDEX($D4:$AH4,1,Helper!$AA$2))-COLUMN(D4)+1),Helper!$AA$2))) | AL4: =IF(Helper!$AA$2=0,"",SPARKLINE(ARRAYFORMULA(N(D4:INDEX($D4:$AH4,1,Helper!$AA$2))),{"charttype","column";"max",1;"color1","#6BBF77";"empty","ignore"}))
A5: 3 | B5: =IF(Habits!B4="","",Habits!B4) | C5: =IF(Habits!C4="","",Habits!C4) | D5: FALSE | E5: FALSE | F5: FALSE | G5: FALSE | H5: FALSE | I5: FALSE | J5: FALSE | K5: FALSE | L5: FALSE | M5: FALSE | N5: FALSE | O5: FALSE | P5: FALSE | Q5: FALSE | R5: FALSE | S5: FALSE | T5: FALSE | U5: FALSE | V5: FALSE | W5: FALSE | X5: FALSE | Y5: FALSE | Z5: FALSE | AA5: FALSE | AB5: FALSE | AC5: FALSE | AD5: FALSE | AE5: FALSE | AF5: FALSE | AG5: FALSE | AH5: FALSE | AI5: =IFERROR(COUNTIF(D5:INDEX($D5:$AH5,1,Helper!$AA$2),TRUE)/Helper!$AA$2,0) | AJ5: =IF(Helper!$AA$2=0,0,MAX(ARRAYFORMULA(FREQUENCY(IF(D5:INDEX($D5:$AH5,1,Helper!$AA$2)=TRUE,COLUMN(D5:INDEX($D5:$AH5,1,Helper!$AA$2))),IF(D5:INDEX($D5:$AH5,1,Helper!$AA$2)=FALSE,COLUMN(D5:INDEX($D5:$AH5,1,Helper!$AA$2))))))) | AK5: =IF(Helper!$AA$2=0,0,IF(INDEX($D5:$AH5,1,Helper!$AA$2)=FALSE,0,IFERROR(Helper!$AA$2-LOOKUP(2,1/(D5:INDEX($D5:$AH5,1,Helper!$AA$2)=FALSE),COLUMN(D5:INDEX($D5:$AH5,1,Helper!$AA$2))-COLUMN(D5)+1),Helper!$AA$2))) | AL5: =IF(Helper!$AA$2=0,"",SPARKLINE(ARRAYFORMULA(N(D5:INDEX($D5:$AH5,1,Helper!$AA$2))),{"charttype","column";"max",1;"color1","#6BBF77";"empty","ignore"}))
A6: 4 | B6: =IF(Habits!B5="","",Habits!B5) | C6: =IF(Habits!C5="","",Habits!C5) | D6: FALSE | E6: FALSE | F6: FALSE | G6: FALSE | H6: FALSE | I6: FALSE | J6: FALSE | K6: FALSE | L6: FALSE | M6: FALSE | N6: FALSE | O6: FALSE | P6: FALSE | Q6: FALSE | R6: FALSE | S6: FALSE | T6: FALSE | U6: FALSE | V6: FALSE | W6: FALSE | X6: FALSE | Y6: FALSE | Z6: FALSE | AA6: FALSE | AB6: FALSE | AC6: FALSE | AD6: FALSE | AE6: FALSE | AF6: FALSE | AG6: FALSE | AH6: FALSE | AI6: =IFERROR(COUNTIF(D6:INDEX($D6:$AH6,1,Helper!$AA$2),TRUE)/Helper!$AA$2,0) | AJ6: =IF(Helper!$AA$2=0,0,MAX(ARRAYFORMULA(FREQUENCY(IF(D6:INDEX($D6:$AH6,1,Helper!$AA$2)=TRUE,COLUMN(D6:INDEX($D6:$AH6,1,Helper!$AA$2))),IF(D6:INDEX($D6:$AH6,1,Helper!$AA$2)=FALSE,COLUMN(D6:INDEX($D6:$AH6,1,Helper!$AA$2))))))) | AK6: =IF(Helper!$AA$2=0,0,IF(INDEX($D6:$AH6,1,Helper!$AA$2)=FALSE,0,IFERROR(Helper!$AA$2-LOOKUP(2,1/(D6:INDEX($D6:$AH6,1,Helper!$AA$2)=FALSE),COLUMN(D6:INDEX($D6:$AH6,1,Helper!$AA$2))-COLUMN(D6)+1),Helper!$AA$2))) | AL6: =IF(Helper!$AA$2=0,"",SPARKLINE(ARRAYFORMULA(N(D6:INDEX($D6:$AH6,1,Helper!$AA$2))),{"charttype","column";"max",1;"color1","#6BBF77";"empty","ignore"}))
A7: 5 | B7: =IF(Habits!B6="","",Habits!B6) | C7: =IF(Habits!C6="","",Habits!C6) | D7: FALSE | E7: FALSE | F7: FALSE | G7: FALSE | H7: FALSE | I7: FALSE | J7: FALSE | K7: FALSE | L7: FALSE | M7: FALSE | N7: FALSE | O7: FALSE | P7: FALSE | Q7: FALSE | R7: FALSE | S7: FALSE | T7: FALSE | U7: FALSE | V7: FALSE | W7: FALSE | X7: FALSE | Y7: FALSE | Z7: FALSE | AA7: FALSE | AB7: FALSE | AC7: FALSE | AD7: FALSE | AE7: FALSE | AF7: FALSE | AG7: FALSE | AH7: FALSE | AI7: =IFERROR(COUNTIF(D7:INDEX($D7:$AH7,1,Helper!$AA$2),TRUE)/Helper!$AA$2,0) | AJ7: =IF(Helper!$AA$2=0,0,MAX(ARRAYFORMULA(FREQUENCY(IF(D7:INDEX($D7:$AH7,1,Helper!$AA$2)=TRUE,COLUMN(D7:INDEX($D7:$AH7,1,Helper!$AA$2))),IF(D7:INDEX($D7:$AH7,1,Helper!$AA$2)=FALSE,COLUMN(D7:INDEX($D7:$AH7,1,Helper!$AA$2))))))) | AK7: =IF(Helper!$AA$2=0,0,IF(INDEX($D7:$AH7,1,Helper!$AA$2)=FALSE,0,IFERROR(Helper!$AA$2-LOOKUP(2,1/(D7:INDEX($D7:$AH7,1,Helper!$AA$2)=FALSE),COLUMN(D7:INDEX($D7:$AH7,1,Helper!$AA$2))-COLUMN(D7)+1),Helper!$AA$2))) | AL7: =IF(Helper!$AA$2=0,"",SPARKLINE(ARRAYFORMULA(N(D7:INDEX($D7:$AH7,1,Helper!$AA$2))),{"charttype","column";"max",1;"color1","#6BBF77";"empty","ignore"}))
A8: 6 | B8: =IF(Habits!B7="","",Habits!B7) | C8: =IF(Habits!C7="","",Habits!C7) | D8: FALSE | E8: FALSE | F8: FALSE | G8: FALSE | H8: FALSE | I8: FALSE | J8: FALSE | K8: FALSE | L8: FALSE | M8: FALSE | N8: FALSE | O8: FALSE | P8: FALSE | Q8: FALSE | R8: FALSE | S8: FALSE | T8: FALSE | U8: FALSE | V8: FALSE | W8: FALSE | X8: FALSE | Y8: FALSE | Z8: FALSE | AA8: FALSE | AB8: FALSE | AC8: FALSE | AD8: FALSE | AE8: FALSE | AF8: FALSE | AG8: FALSE | AH8: FALSE | AI8: =IFERROR(COUNTIF(D8:INDEX($D8:$AH8,1,Helper!$AA$2),TRUE)/Helper!$AA$2,0) | AJ8: =IF(Helper!$AA$2=0,0,MAX(ARRAYFORMULA(FREQUENCY(IF(D8:INDEX($D8:$AH8,1,Helper!$AA$2)=TRUE,COLUMN(D8:INDEX($D8:$AH8,1,Helper!$AA$2))),IF(D8:INDEX($D8:$AH8,1,Helper!$AA$2)=FALSE,COLUMN(D8:INDEX($D8:$AH8,1,Helper!$AA$2))))))) | AK8: =IF(Helper!$AA$2=0,0,IF(INDEX($D8:$AH8,1,Helper!$AA$2)=FALSE,0,IFERROR(Helper!$AA$2-LOOKUP(2,1/(D8:INDEX($D8:$AH8,1,Helper!$AA$2)=FALSE),COLUMN(D8:INDEX($D8:$AH8,1,Helper!$AA$2))-COLUMN(D8)+1),Helper!$AA$2))) | AL8: =IF(Helper!$AA$2=0,"",SPARKLINE(ARRAYFORMULA(N(D8:INDEX($D8:$AH8,1,Helper!$AA$2))),{"charttype","column";"max",1;"color1","#6BBF77";"empty","ignore"}))
A9: 7 | B9: =IF(Habits!B8="","",Habits!B8) | C9: =IF(Habits!C8="","",Habits!C8) | D9: FALSE | E9: FALSE | F9: FALSE | G9: FALSE | H9: FALSE | I9: FALSE | J9: FALSE | K9: FALSE | L9: FALSE | M9: FALSE | N9: FALSE | O9: FALSE | P9: FALSE | Q9: FALSE | R9: FALSE | S9: FALSE | T9: FALSE | U9: FALSE | V9: FALSE | W9: FALSE | X9: FALSE | Y9: FALSE | Z9: FALSE | AA9: FALSE | AB9: FALSE | AC9: FALSE | AD9: FALSE | AE9: FALSE | AF9: FALSE | AG9: FALSE | AH9: FALSE | AI9: =IFERROR(COUNTIF(D9:INDEX($D9:$AH9,1,Helper!$AA$2),TRUE)/Helper!$AA$2,0) | AJ9: =IF(Helper!$AA$2=0,0,MAX(ARRAYFORMULA(FREQUENCY(IF(D9:INDEX($D9:$AH9,1,Helper!$AA$2)=TRUE,COLUMN(D9:INDEX($D9:$AH9,1,Helper!$AA$2))),IF(D9:INDEX($D9:$AH9,1,Helper!$AA$2)=FALSE,COLUMN(D9:INDEX($D9:$AH9,1,Helper!$AA$2))))))) | AK9: =IF(Helper!$AA$2=0,0,IF(INDEX($D9:$AH9,1,Helper!$AA$2)=FALSE,0,IFERROR(Helper!$AA$2-LOOKUP(2,1/(D9:INDEX($D9:$AH9,1,Helper!$AA$2)=FALSE),COLUMN(D9:INDEX($D9:$AH9,1,Helper!$AA$2))-COLUMN(D9)+1),Helper!$AA$2))) | AL9: =IF(Helper!$AA$2=0,"",SPARKLINE(ARRAYFORMULA(N(D9:INDEX($D9:$AH9,1,Helper!$AA$2))),{"charttype","column";"max",1;"color1","#6BBF77";"empty","ignore"}))
A10: 8 | B10: =IF(Habits!B9="","",Habits!B9) | C10: =IF(Habits!C9="","",Habits!C9) | D10: FALSE | E10: FALSE | F10: FALSE | G10: FALSE | H10: FALSE | I10: FALSE | J10: FALSE | K10: FALSE | L10: FALSE | M10: FALSE | N10: FALSE | O10: FALSE | P10: FALSE | Q10: FALSE | R10: FALSE | S10: FALSE | T10: FALSE | U10: FALSE | V10: FALSE | W10: FALSE | X10: FALSE | Y10: FALSE | Z10: FALSE | AA10: FALSE | AB10: FALSE | AC10: FALSE | AD10: FALSE | AE10: FALSE | AF10: FALSE | AG10: FALSE | AH10: FALSE | AI10: =IFERROR(COUNTIF(D10:INDEX($D10:$AH10,1,Helper!$AA$2),TRUE)/Helper!$AA$2,0) | AJ10: =IF(Helper!$AA$2=0,0,MAX(ARRAYFORMULA(FREQUENCY(IF(D10:INDEX($D10:$AH10,1,Helper!$AA$2)=TRUE,COLUMN(D10:INDEX($D10:$AH10,1,Helper!$AA$2))),IF(D10:INDEX($D10:$AH10,1,Helper!$AA$2)=FALSE,COLUMN(D10:INDEX($D10:$AH10,1,Helper!$AA$2))))))) | AK10: =IF(Helper!$AA$2=0,0,IF(INDEX($D10:$AH10,1,Helper!$AA$2)=FALSE,0,IFERROR(Helper!$AA$2-LOOKUP(2,1/(D10:INDEX($D10:$AH10,1,Helper!$AA$2)=FALSE),COLUMN(D10:INDEX($D10:$AH10,1,Helper!$AA$2))-COLUMN(D10)+1),Helper!$AA$2))) | AL10: =IF(Helper!$AA$2=0,"",SPARKLINE(ARRAYFORMULA(N(D10:INDEX($D10:$AH10,1,Helper!$AA$2))),{"charttype","column";"max",1;"color1","#6BBF77";"empty","ignore"}))
A11: 9 | B11: =IF(Habits!B10="","",Habits!B10) | C11: =IF(Habits!C10="","",Habits!C10) | D11: FALSE | E11: FALSE | F11: FALSE | G11: FALSE | H11: FALSE | I11: FALSE | J11: FALSE | K11: FALSE | L11: FALSE | M11: FALSE | N11: FALSE | O11: FALSE | P11: FALSE | Q11: FALSE | R11: FALSE | S11: FALSE | T11: FALSE | U11: FALSE | V11: FALSE | W11: FALSE | X11: FALSE | Y11: FALSE | Z11: FALSE | AA11: FALSE | AB11: FALSE | AC11: FALSE | AD11: FALSE | AE11: FALSE | AF11: FALSE | AG11: FALSE | AH11: FALSE | AI11: =IFERROR(COUNTIF(D11:INDEX($D11:$AH11,1,Helper!$AA$2),TRUE)/Helper!$AA$2,0) | AJ11: =IF(Helper!$AA$2=0,0,MAX(ARRAYFORMULA(FREQUENCY(IF(D11:INDEX($D11:$AH11,1,Helper!$AA$2)=TRUE,COLUMN(D11:INDEX($D11:$AH11,1,Helper!$AA$2))),IF(D11:INDEX($D11:$AH11,1,Helper!$AA$2)=FALSE,COLUMN(D11:INDEX($D11:$AH11,1,Helper!$AA$2))))))) | AK11: =IF(Helper!$AA$2=0,0,IF(INDEX($D11:$AH11,1,Helper!$AA$2)=FALSE,0,IFERROR(Helper!$AA$2-LOOKUP(2,1/(D11:INDEX($D11:$AH11,1,Helper!$AA$2)=FALSE),COLUMN(D11:INDEX($D11:$AH11,1,Helper!$AA$2))-COLUMN(D11)+1),Helper!$AA$2))) | AL11: =IF(Helper!$AA$2=0,"",SPARKLINE(ARRAYFORMULA(N(D11:INDEX($D11:$AH11,1,Helper!$AA$2))),{"charttype","column";"max",1;"color1","#6BBF77";"empty","ignore"}))
A12: 10 | B12: =IF(Habits!B11="","",Habits!B11) | C12: =IF(Habits!C11="","",Habits!C11) | D12: FALSE | E12: FALSE | F12: FALSE | G12: FALSE | H12: FALSE | I12: FALSE | J12: FALSE | K12: FALSE | L12: FALSE | M12: FALSE | N12: FALSE | O12: FALSE | P12: FALSE | Q12: FALSE | R12: FALSE | S12: FALSE | T12: FALSE | U12: FALSE | V12: FALSE | W12: FALSE | X12: FALSE | Y12: FALSE | Z12: FALSE | AA12: FALSE | AB12: FALSE | AC12: FALSE | AD12: FALSE | AE12: FALSE | AF12: FALSE | AG12: FALSE | AH12: FALSE | AI12: =IFERROR(COUNTIF(D12:INDEX($D12:$AH12,1,Helper!$AA$2),TRUE)/Helper!$AA$2,0) | AJ12: =IF(Helper!$AA$2=0,0,MAX(ARRAYFORMULA(FREQUENCY(IF(D12:INDEX($D12:$AH12,1,Helper!$AA$2)=TRUE,COLUMN(D12:INDEX($D12:$AH12,1,Helper!$AA$2))),IF(D12:INDEX($D12:$AH12,1,Helper!$AA$2)=FALSE,COLUMN(D12:INDEX($D12:$AH12,1,Helper!$AA$2))))))) | AK12: =IF(Helper!$AA$2=0,0,IF(INDEX($D12:$AH12,1,Helper!$AA$2)=FALSE,0,IFERROR(Helper!$AA$2-LOOKUP(2,1/(D12:INDEX($D12:$AH12,1,Helper!$AA$2)=FALSE),COLUMN(D12:INDEX($D12:$AH12,1,Helper!$AA$2))-COLUMN(D12)+1),Helper!$AA$2))) | AL12: =IF(Helper!$AA$2=0,"",SPARKLINE(ARRAYFORMULA(N(D12:INDEX($D12:$AH12,1,Helper!$AA$2))),{"charttype","column";"max",1;"color1","#6BBF77";"empty","ignore"}))
A13: 11 | B13: =IF(Habits!B12="","",Habits!B12) | C13: =IF(Habits!C12="","",Habits!C12) | D13: FALSE | E13: FALSE | F13: FALSE | G13: FALSE | H13: FALSE | I13: FALSE | J13: FALSE | K13: FALSE | L13: FALSE | M13: FALSE | N13: FALSE | O13: FALSE | P13: FALSE | Q13: FALSE | R13: FALSE | S13: FALSE | T13: FALSE | U13: FALSE | V13: FALSE | W13: FALSE | X13: FALSE | Y13: FALSE | Z13: FALSE | AA13: FALSE | AB13: FALSE | AC13: FALSE | AD13: FALSE | AE13: FALSE | AF13: FALSE | AG13: FALSE | AH13: FALSE | AI13: =IFERROR(COUNTIF(D13:INDEX($D13:$AH13,1,Helper!$AA$2),TRUE)/Helper!$AA$2,0) | AJ13: =IF(Helper!$AA$2=0,0,MAX(ARRAYFORMULA(FREQUENCY(IF(D13:INDEX($D13:$AH13,1,Helper!$AA$2)=TRUE,COLUMN(D13:INDEX($D13:$AH13,1,Helper!$AA$2))),IF(D13:INDEX($D13:$AH13,1,Helper!$AA$2)=FALSE,COLUMN(D13:INDEX($D13:$AH13,1,Helper!$AA$2))))))) | AK13: =IF(Helper!$AA$2=0,0,IF(INDEX($D13:$AH13,1,Helper!$AA$2)=FALSE,0,IFERROR(Helper!$AA$2-LOOKUP(2,1/(D13:INDEX($D13:$AH13,1,Helper!$AA$2)=FALSE),COLUMN(D13:INDEX($D13:$AH13,1,Helper!$AA$2))-COLUMN(D13)+1),Helper!$AA$2))) | AL13: =IF(Helper!$AA$2=0,"",SPARKLINE(ARRAYFORMULA(N(D13:INDEX($D13:$AH13,1,Helper!$AA$2))),{"charttype","column";"max",1;"color1","#6BBF77";"empty","ignore"}))
A14: 12 | B14: =IF(Habits!B13="","",Habits!B13) | C14: =IF(Habits!C13="","",Habits!C13) | D14: FALSE | E14: FALSE | F14: FALSE | G14: FALSE | H14: FALSE | I14: FALSE | J14: FALSE | K14: FALSE | L14: FALSE | M14: FALSE | N14: FALSE | O14: FALSE | P14: FALSE | Q14: FALSE | R14: FALSE | S14: FALSE | T14: FALSE | U14: FALSE | V14: FALSE | W14: FALSE | X14: FALSE | Y14: FALSE | Z14: FALSE | AA14: FALSE | AB14: FALSE | AC14: FALSE | AD14: FALSE | AE14: FALSE | AF14: FALSE | AG14: FALSE | AH14: FALSE | AI14: =IFERROR(COUNTIF(D14:INDEX($D14:$AH14,1,Helper!$AA$2),TRUE)/Helper!$AA$2,0) | AJ14: =IF(Helper!$AA$2=0,0,MAX(ARRAYFORMULA(FREQUENCY(IF(D14:INDEX($D14:$AH14,1,Helper!$AA$2)=TRUE,COLUMN(D14:INDEX($D14:$AH14,1,Helper!$AA$2))),IF(D14:INDEX($D14:$AH14,1,Helper!$AA$2)=FALSE,COLUMN(D14:INDEX($D14:$AH14,1,Helper!$AA$2))))))) | AK14: =IF(Helper!$AA$2=0,0,IF(INDEX($D14:$AH14,1,Helper!$AA$2)=FALSE,0,IFERROR(Helper!$AA$2-LOOKUP(2,1/(D14:INDEX($D14:$AH14,1,Helper!$AA$2)=FALSE),COLUMN(D14:INDEX($D14:$AH14,1,Helper!$AA$2))-COLUMN(D14)+1),Helper!$AA$2))) | AL14: =IF(Helper!$AA$2=0,"",SPARKLINE(ARRAYFORMULA(N(D14:INDEX($D14:$AH14,1,Helper!$AA$2))),{"charttype","column";"max",1;"color1","#6BBF77";"empty","ignore"}))
... A32: 30 | B32: =IF(Habits!B31="","",Habits!B31) | C32: =IF(Habits!C31="","",Habits!C31) | D32: FALSE | E32: FALSE | F32: FALSE | G32: FALSE | H32: FALSE | I32: FALSE | J32: FALSE | K32: FALSE | L32: FALSE | M32: FALSE | N32: FALSE | O32: FALSE | P32: FALSE | Q32: FALSE | R32: FALSE | S32: FALSE | T32: FALSE | U32: FALSE | V32: FALSE | W32: FALSE | X32: FALSE | Y32: FALSE | Z32: FALSE | AA32: FALSE | AB32: FALSE | AC32: FALSE | AD32: FALSE | AE32: FALSE | AF32: FALSE | AG32: FALSE | AH32: FALSE | AI32: =IFERROR(COUNTIF(D32:INDEX($D32:$AH32,1,Helper!$AA$2),TRUE)/Helper!$AA$2,0) | AJ32: =IF(Helper!$AA$2=0,0,MAX(ARRAYFORMULA(FREQUENCY(IF(D32:INDEX($D32:$AH32,1,Helper!$AA$2)=TRUE,COLUMN(D32:INDEX($D32:$AH32,1,Helper!$AA$2))),IF(D32:INDEX($D32:$AH32,1,Helper!$AA$2)=FALSE,COLUMN(D32:INDEX($D32:$AH32,1,Helper!$AA$2))))))) | AK32: =IF(Helper!$AA$2=0,0,IF(INDEX($D32:$AH32,1,Helper!$AA$2)=FALSE,0,IFERROR(Helper!$AA$2-LOOKUP(2,1/(D32:INDEX($D32:$AH32,1,Helper!$AA$2)=FALSE),COLUMN(D32:INDEX($D32:$AH32,1,Helper!$AA$2))-COLUMN(D32)+1),Helper!$AA$2))) | AL32: =IF(Helper!$AA$2=0,"",SPARKLINE(ARRAYFORMULA(N(D32:INDEX($D32:$AH32,1,Helper!$AA$2))),{"charttype","column";"max",1;"color1","#6BBF77";"empty","ignore"}))

Sheet Habits
A1: No. | B1: Habit Name | C1: Category
A2: 1 | B2: Morning Exercise | C2: Health
A3: 2 | B3: Hydration 2L | C3: Health
A4: 3 | B4: Sleep by 10 pm | C4: Health
A5: 4 | B5: No Junk Food | C5: Health
A6: 5 | B6: Walk 10k Steps | C6: Health
A7: 6 | B7: Cook at Home | C7: Health
A8: 7 | B8: Read 30 min | C8: Learning
A9: 8 | B9: Journal | C9: Learning
A10: 9 | B10: Learn a Language | C10: Learning
A11: 10 | B11: Gratitude List | C11: Learning
A12: 11 | B12: Practice a Skill | C12: Learning
A13: 12 | B13: Creative Work | C13: Learning
... A31: 30 | B31: Portfolio Update | C31: Career

Sheet Summary
A1: # | B1: Habit | C1: Category | D1: Progress % | E1: Longest Streak | F1: Current Streak | G1: 30-Day Trend
A2: 1 | B2: =Tracker!B3 | C2: =Tracker!C3 | D2: =Tracker!AI3 | E2: =Tracker!AJ3 | F2: =Tracker!AK3 | G2: =IF(Helper!$AA$2=0,"",SPARKLINE(ARRAYFORMULA(N(Tracker!D3:INDEX(Tracker!D3:AH3,1,Helper!$AA$2))),{"charttype","column";"max",1;"color1","#6BBF77";"empty","ignore"}))
A3: 2 | B3: =Tracker!B4 | C3: =Tracker!C4 | D3: =Tracker!AI4 | E3: =Tracker!AJ4 | F3: =Tracker!AK4 | G3: =IF(Helper!$AA$2=0,"",SPARKLINE(ARRAYFORMULA(N(Tracker!D4:INDEX(Tracker!D4:AH4,1,Helper!$AA$2))),{"charttype","column";"max",1;"color1","#6BBF77";"empty","ignore"}))
A4: 3 | B4: =Tracker!B5 | C4: =Tracker!C5 | D4: =Tracker!AI5 | E4: =Tracker!AJ5 | F4: =Tracker!AK5 | G4: =IF(Helper!$AA$2=0,"",SPARKLINE(ARRAYFORMULA(N(Tracker!D5:INDEX(Tracker!D5:AH5,1,Helper!$AA$2))),{"charttype","column";"max",1;"color1","#6BBF77";"empty","ignore"}))
A5: 4 | B5: =Tracker!B6 | C5: =Tracker!C6 | D5: =Tracker!AI6 | E5: =Tracker!AJ6 | F5: =Tracker!AK6 | G5: =IF(Helper!$AA$2=0,"",SPARKLINE(ARRAYFORMULA(N(Tracker!D6:INDEX(Tracker!D6:AH6,1,Helper!$AA$2))),{"charttype","column";"max",1;"color1","#6BBF77";"empty","ignore"}))
A6: 5 | B6: =Tracker!B7 | C6: =Tracker!C7 | D6: =Tracker!AI7 | E6: =Tracker!AJ7 | F6: =Tracker!AK7 | G6: =IF(Helper!$AA$2=0,"",SPARKLINE(ARRAYFORMULA(N(Tracker!D7:INDEX(Tracker!D7:AH7,1,Helper!$AA$2))),{"charttype","column";"max",1;"color1","#6BBF77";"empty","ignore"}))
A7: 6 | B7: =Tracker!B8 | C7: =Tracker!C8 | D7: =Tracker!AI8 | E7: =Tracker!AJ8 | F7: =Tracker!AK8 | G7: =IF(Helper!$AA$2=0,"",SPARKLINE(ARRAYFORMULA(N(Tracker!D8:INDEX(Tracker!D8:AH8,1,Helper!$AA$2))),{"charttype","column";"max",1;"color1","#6BBF77";"empty","ignore"}))
A8: 7 | B8: =Tracker!B9 | C8: =Tracker!C9 | D8: =Tracker!AI9 | E8: =Tracker!AJ9 | F8: =Tracker!AK9 | G8: =IF(Helper!$AA$2=0,"",SPARKLINE(ARRAYFORMULA(N(Tracker!D9:INDEX(Tracker!D9:AH9,1,Helper!$AA$2))),{"charttype","column";"max",1;"color1","#6BBF77";"empty","ignore"}))
A9: 8 | B9: =Tracker!B10 | C9: =Tracker!C10 | D9: =Tracker!AI10 | E9: =Tracker!AJ10 | F9: =Tracker!AK10 | G9: =IF(Helper!$AA$2=0,"",SPARKLINE(ARRAYFORMULA(N(Tracker!D10:INDEX(Tracker!D10:AH10,1,Helper!$AA$2))),{"charttype","column";"max",1;"color1","#6BBF77";"empty","ignore"}))
A10: 9 | B10: =Tracker!B11 | C10: =Tracker!C11 | D10: =Tracker!AI11 | E10: =Tracker!AJ11 | F10: =Tracker!AK11 | G10: =IF(Helper!$AA$2=0,"",SPARKLINE(ARRAYFORMULA(N(Tracker!D11:INDEX(Tracker!D11:AH11,1,Helper!$AA$2))),{"charttype","column";"max",1;"color1","#6BBF77";"empty","ignore"}))
A11: 10 | B11: =Tracker!B12 | C11: =Tracker!C12 | D11: =Tracker!AI12 | E11: =Tracker!AJ12 | F11: =Tracker!AK12 | G11: =IF(Helper!$AA$2=0,"",SPARKLINE(ARRAYFORMULA(N(Tracker!D12:INDEX(Tracker!D12:AH12,1,Helper!$AA$2))),{"charttype","column";"max",1;"color1","#6BBF77";"empty","ignore"}))
A12: 11 | B12: =Tracker!B13 | C12: =Tracker!C13 | D12: =Tracker!AI13 | E12: =Tracker!AJ13 | F12: =Tracker!AK13 | G12: =IF(Helper!$AA$2=0,"",SPARKLINE(ARRAYFORMULA(N(Tracker!D13:INDEX(Tracker!D13:AH13,1,Helper!$AA$2))),{"charttype","column";"max",1;"color1","#6BBF77";"empty","ignore"}))
A13: 12 | B13: =Tracker!B14 | C13: =Tracker!C14 | D13: =Tracker!AI14 | E13: =Tracker!AJ14 | F13: =Tracker!AK14 | G13: =IF(Helper!$AA$2=0,"",SPARKLINE(ARRAYFORMULA(N(Tracker!D14:INDEX(Tracker!D14:AH14,1,Helper!$AA$2))),{"charttype","column";"max",1;"color1","#6BBF77";"empty","ignore"}))
... A31: 30 | B31: =Tracker!B32 | C31: =Tracker!C32 | D31: =Tracker!AI32 | E31: =Tracker!AJ32 | F31: =Tracker!AK32 | G31: =IF(Helper!$AA$2=0,"",SPARKLINE(ARRAYFORMULA(N(Tracker!D32:INDEX(Tracker!D32:AH32,1,Helper!$AA$2))),{"charttype","column";"max",1;"color1","#6BBF77";"empty","ignore"}))

Sheet Helper
A1: Day | B1: Date | C1: Daily Completion % | D1: 7-Day Rolling Avg | E1: Completed Count | F1: Habit Count | G1: Habit | H1: Completion % | I1: Category | J1: Current Streak | K1: Longest Streak | L1: Previous Month % | M1: Improvement | N1: Top N | O1: Top Habit | P1: Top Completion % | Q1: Label | R1: Streak Habit | S1: Longest | T1: Current | U1: Category | V1: Avg Completion % | W1: Progress Slice | X1: Value | Y1: Previous Month Start | Z1: Heatmap Start | AA1: Active Days | AB1: Days In Month
A2: 1 | B2: =IF(A2>$AB$2,"",DATE(YEAR(Tracker!$D$1),MONTH(Tracker!$D$1),A2)) | C2: =IF(B2="","",COUNTIF(INDEX(Tracker!$D$3:$AH$32,0,A2),TRUE)/MAX(1,COUNTA(Tracker!$B$3:$B$32))) | D2: =IF(C2="","",AVERAGE(C2:C2)) | E2: =IF(B2="","",COUNTIF(INDEX(Tracker!$D$3:$AH$32,0,A2),TRUE)) | F2: =COUNTA(Tracker!$B$3:$B$32) | G2: =Summary!B2 | H2: =Summary!D2 | I2: =Summary!C2 | J2: =Summary!F2 | K2: =Summary!E2 | L2: =IFERROR(INDEX(FILTER(History!$D$2:$D,History!$A$2:$A=$Y$2,History!$B$2:$B=G2),1),"") | M2: =IF(L2="","",H2-L2) | N2: =Dashboard!$Q$11 | O2: =IF(ROWS($O$2:O2)>$N$2,"",INDEX($G$2:$G$31,MATCH(LARGE($H$2:$H$31,ROWS($O$2:O2)),$H$2:$H$31,0))) | P2: =IF(O2="","",LARGE($H$2:$H$31,ROWS($P$2:P2))) | Q2: =IF(P2="","",TEXT(P2,"0%")) | R2: =IFERROR(INDEX($G$2:$G$31,MATCH(LARGE($J$2:$J$31,ROWS($R$2:R2)),$J$2:$J$31,0)),"") | S2: =IF(R2="","",INDEX($K$2:$K$31,MATCH(R2,$G$2:$G$31,0))) | T2: =IF(R2="","",LARGE($J$2:$J$31,ROWS($T$2:T2))) | U2: =IFERROR(INDEX(SORT(UNIQUE(FILTER(Habits!$C$2:$C$31,Habits!$C$2:$C$31<>""))),ROWS($U$2:U2)),"") | V2: =IF(U2="","",AVERAGEIF($I$2:$I$31,U2,$H$2:$H$31)) | W2: Completed | X2: =IFERROR(AVERAGE(H2:H31),0) | Y2: =EOMONTH(Tracker!$D$1,-1)+1 | Z2: =DATE(YEAR(Tracker!$D$1),MONTH(Tracker!$D$1),1)-WEEKDAY(DATE(YEAR(Tracker!$D$1),MONTH(Tracker!$D$1),1),2)+1 | AA2: =IF(Tracker!$D$1="",0,IF(DATE(YEAR(TODAY()),MONTH(TODAY()),1)<DATE(YEAR(Tracker!$D$1),MONTH(Tracker!$D$1),1),0,IF(DATE(YEAR(TODAY()),MONTH(TODAY()),1)=DATE(YEAR(Tracker!$D$1),MONTH(Tracker!$D$1),1),DAY(TODAY()),DAY(EOMONTH(Tracker!$D$1,0))))) | AB2: =DAY(EOMONTH(Tracker!$D$1,0))
A3: 2 | B3: =IF(A3>$AB$2,"",DATE(YEAR(Tracker!$D$1),MONTH(Tracker!$D$1),A3)) | C3: =IF(B3="","",COUNTIF(INDEX(Tracker!$D$3:$AH$32,0,A3),TRUE)/MAX(1,COUNTA(Tracker!$B$3:$B$32))) | D3: =IF(C3="","",AVERAGE(C2:C3)) | E3: =IF(B3="","",COUNTIF(INDEX(Tracker!$D$3:$AH$32,0,A3),TRUE)) | F3: =COUNTA(Tracker!$B$3:$B$32) | G3: =Summary!B3 | H3: =Summary!D3 | I3: =Summary!C3 | J3: =Summary!F3 | K3: =Summary!E3 | L3: =IFERROR(INDEX(FILTER(History!$D$2:$D,History!$A$2:$A=$Y$2,History!$B$2:$B=G3),1),"") | M3: =IF(L3="","",H3-L3) | O3: =IF(ROWS($O$2:O3)>$N$2,"",INDEX($G$2:$G$31,MATCH(LARGE($H$2:$H$31,ROWS($O$2:O3)),$H$2:$H$31,0))) | P3: =IF(O3="","",LARGE($H$2:$H$31,ROWS($P$2:P3))) | Q3: =IF(P3="","",TEXT(P3,"0%")) | R3: =IFERROR(INDEX($G$2:$G$31,MATCH(LARGE($J$2:$J$31,ROWS($R$2:R3)),$J$2:$J$31,0)),"") | S3: =IF(R3="","",INDEX($K$2:$K$31,MATCH(R3,$G$2:$G$31,0))) | T3: =IF(R3="","",LARGE($J$2:$J$31,ROWS($T$2:T3))) | U3: =IFERROR(INDEX(SORT(UNIQUE(FILTER(Habits!$C$2:$C$31,Habits!$C$2:$C$31<>""))),ROWS($U$2:U3)),"") | V3: =IF(U3="","",AVERAGEIF($I$2:$I$31,U3,$H$2:$H$31)) | W3: Remaining | X3: =MAX(0,1-X2)
A4: 3 | B4: =IF(A4>$AB$2,"",DATE(YEAR(Tracker!$D$1),MONTH(Tracker!$D$1),A4)) | C4: =IF(B4="","",COUNTIF(INDEX(Tracker!$D$3:$AH$32,0,A4),TRUE)/MAX(1,COUNTA(Tracker!$B$3:$B$32))) | D4: =IF(C4="","",AVERAGE(C2:C4)) | E4: =IF(B4="","",COUNTIF(INDEX(Tracker!$D$3:$AH$32,0,A4),TRUE)) | F4: =COUNTA(Tracker!$B$3:$B$32) | G4: =Summary!B4 | H4: =Summary!D4 | I4: =Summary!C4 | J4: =Summary!F4 | K4: =Summary!E4 | L4: =IFERROR(INDEX(FILTER(History!$D$2:$D,History!$A$2:$A=$Y$2,History!$B$2:$B=G4),1),"") | M4: =IF(L4="","",H4-L4) | O4: =IF(ROWS($O$2:O4)>$N$2,"",INDEX($G$2:$G$31,MATCH(LARGE($H$2:$H$31,ROWS($O$2:O4)),$H$2:$H$31,0))) | P4: =IF(O4="","",LARGE($H$2:$H$31,ROWS($P$2:P4))) | Q4: =IF(P4="","",TEXT(P4,"0%")) | R4: =IFERROR(INDEX($G$2:$G$31,MATCH(LARGE($J$2:$J$31,ROWS($R$2:R4)),$J$2:$J$31,0)),"") | S4: =IF(R4="","",INDEX($K$2:$K$31,MATCH(R4,$G$2:$G$31,0))) | T4: =IF(R4="","",LARGE($J$2:$J$31,ROWS($T$2:T4))) | U4: =IFERROR(INDEX(SORT(UNIQUE(FILTER(Habits!$C$2:$C$31,Habits!$C$2:$C$31<>""))),ROWS($U$2:U4)),"") | V4: =IF(U4="","",AVERAGEIF($I$2:$I$31,U4,$H$2:$H$31))
A5: 4 | B5: =IF(A5>$AB$2,"",DATE(YEAR(Tracker!$D$1),MONTH(Tracker!$D$1),A5)) | C5: =IF(B5="","",COUNTIF(INDEX(Tracker!$D$3:$AH$32,0,A5),TRUE)/MAX(1,COUNTA(Tracker!$B$3:$B$32))) | D5: =IF(C5="","",AVERAGE(C2:C5)) | E5: =IF(B5="","",COUNTIF(INDEX(Tracker!$D$3:$AH$32,0,A5),TRUE)) | F5: =COUNTA(Tracker!$B$3:$B$32) | G5: =Summary!B5 | H5: =Summary!D5 | I5: =Summary!C5 | J5: =Summary!F5 | K5: =Summary!E5 | L5: =IFERROR(INDEX(FILTER(History!$D$2:$D,History!$A$2:$A=$Y$2,History!$B$2:$B=G5),1),"") | M5: =IF(L5="","",H5-L5) | O5: =IF(ROWS($O$2:O5)>$N$2,"",INDEX($G$2:$G$31,MATCH(LARGE($H$2:$H$31,ROWS($O$2:O5)),$H$2:$H$31,0))) | P5: =IF(O5="","",LARGE($H$2:$H$31,ROWS($P$2:P5))) | Q5: =IF(P5="","",TEXT(P5,"0%")) | R5: =IFERROR(INDEX($G$2:$G$31,MATCH(LARGE($J$2:$J$31,ROWS($R$2:R5)),$J$2:$J$31,0)),"") | S5: =IF(R5="","",INDEX($K$2:$K$31,MATCH(R5,$G$2:$G$31,0))) | T5: =IF(R5="","",LARGE($J$2:$J$31,ROWS($T$2:T5))) | U5: =IFERROR(INDEX(SORT(UNIQUE(FILTER(Habits!$C$2:$C$31,Habits!$C$2:$C$31<>""))),ROWS($U$2:U5)),"") | V5: =IF(U5="","",AVERAGEIF($I$2:$I$31,U5,$H$2:$H$31))
A6: 5 | B6: =IF(A6>$AB$2,"",DATE(YEAR(Tracker!$D$1),MONTH(Tracker!$D$1),A6)) | C6: =IF(B6="","",COUNTIF(INDEX(Tracker!$D$3:$AH$32,0,A6),TRUE)/MAX(1,COUNTA(Tracker!$B$3:$B$32))) | D6: =IF(C6="","",AVERAGE(C2:C6)) | E6: =IF(B6="","",COUNTIF(INDEX(Tracker!$D$3:$AH$32,0,A6),TRUE)) | F6: =COUNTA(Tracker!$B$3:$B$32) | G6: =Summary!B6 | H6: =Summary!D6 | I6: =Summary!C6 | J6: =Summary!F6 | K6: =Summary!E6 | L6: =IFERROR(INDEX(FILTER(History!$D$2:$D,History!$A$2:$A=$Y$2,History!$B$2:$B=G6),1),"") | M6: =IF(L6="","",H6-L6) | O6: =IF(ROWS($O$2:O6)>$N$2,"",INDEX($G$2:$G$31,MATCH(LARGE($H$2:$H$31,ROWS($O$2:O6)),$H$2:$H$31,0))) | P6: =IF(O6="","",LARGE($H$2:$H$31,ROWS($P$2:P6))) | Q6: =IF(P6="","",TEXT(P6,"0%")) | R6: =IFERROR(INDEX($G$2:$G$31,MATCH(LARGE($J$2:$J$31,ROWS($R$2:R6)),$J$2:$J$31,0)),"") | S6: =IF(R6="","",INDEX($K$2:$K$31,MATCH(R6,$G$2:$G$31,0))) | T6: =IF(R6="","",LARGE($J$2:$J$31,ROWS($T$2:T6))) | U6: =IFERROR(INDEX(SORT(UNIQUE(FILTER(Habits!$C$2:$C$31,Habits!$C$2:$C$31<>""))),ROWS($U$2:U6)),"") | V6: =IF(U6="","",AVERAGEIF($I$2:$I$31,U6,$H$2:$H$31))
A7: 6 | B7: =IF(A7>$AB$2,"",DATE(YEAR(Tracker!$D$1),MONTH(Tracker!$D$1),A7)) | C7: =IF(B7="","",COUNTIF(INDEX(Tracker!$D$3:$AH$32,0,A7),TRUE)/MAX(1,COUNTA(Tracker!$B$3:$B$32))) | D7: =IF(C7="","",AVERAGE(C2:C7)) | E7: =IF(B7="","",COUNTIF(INDEX(Tracker!$D$3:$AH$32,0,A7),TRUE)) | F7: =COUNTA(Tracker!$B$3:$B$32) | G7: =Summary!B7 | H7: =Summary!D7 | I7: =Summary!C7 | J7: =Summary!F7 | K7: =Summary!E7 | L7: =IFERROR(INDEX(FILTER(History!$D$2:$D,History!$A$2:$A=$Y$2,History!$B$2:$B=G7),1),"") | M7: =IF(L7="","",H7-L7) | O7: =IF(ROWS($O$2:O7)>$N$2,"",INDEX($G$2:$G$31,MATCH(LARGE($H$2:$H$31,ROWS($O$2:O7)),$H$2:$H$31,0))) | P7: =IF(O7="","",LARGE($H$2:$H$31,ROWS($P$2:P7))) | Q7: =IF(P7="","",TEXT(P7,"0%")) | R7: =IFERROR(INDEX($G$2:$G$31,MATCH(LARGE($J$2:$J$31,ROWS($R$2:R7)),$J$2:$J$31,0)),"") | S7: =IF(R7="","",INDEX($K$2:$K$31,MATCH(R7,$G$2:$G$31,0))) | T7: =IF(R7="","",LARGE($J$2:$J$31,ROWS($T$2:T7))) | U7: =IFERROR(INDEX(SORT(UNIQUE(FILTER(Habits!$C$2:$C$31,Habits!$C$2:$C$31<>""))),ROWS($U$2:U7)),"") | V7: =IF(U7="","",AVERAGEIF($I$2:$I$31,U7,$H$2:$H$31))
A8: 7 | B8: =IF(A8>$AB$2,"",DATE(YEAR(Tracker!$D$1),MONTH(Tracker!$D$1),A8)) | C8: =IF(B8="","",COUNTIF(INDEX(Tracker!$D$3:$AH$32,0,A8),TRUE)/MAX(1,COUNTA(Tracker!$B$3:$B$32))) | D8: =IF(C8="","",AVERAGE(C2:C8)) | E8: =IF(B8="","",COUNTIF(INDEX(Tracker!$D$3:$AH$32,0,A8),TRUE)) | F8: =COUNTA(Tracker!$B$3:$B$32) | G8: =Summary!B8 | H8: =Summary!D8 | I8: =Summary!C8 | J8: =Summary!F8 | K8: =Summary!E8 | L8: =IFERROR(INDEX(FILTER(History!$D$2:$D,History!$A$2:$A=$Y$2,History!$B$2:$B=G8),1),"") | M8: =IF(L8="","",H8-L8) | O8: =IF(ROWS($O$2:O8)>$N$2,"",INDEX($G$2:$G$31,MATCH(LARGE($H$2:$H$31,ROWS($O$2:O8)),$H$2:$H$31,0))) | P8: =IF(O8="","",LARGE($H$2:$H$31,ROWS($P$2:P8))) | Q8: =IF(P8="","",TEXT(P8,"0%")) | R8: =IFERROR(INDEX($G$2:$G$31,MATCH(LARGE($J$2:$J$31,ROWS($R$2:R8)),$J$2:$J$31,0)),"") | S8: =IF(R8="","",INDEX($K$2:$K$31,MATCH(R8,$G$2:$G$31,0))) | T8: =IF(R8="","",LARGE($J$2:$J$31,ROWS($T$2:T8))) | U8: =IFERROR(INDEX(SORT(UNIQUE(FILTER(Habits!$C$2:$C$31,Habits!$C$2:$C$31<>""))),ROWS($U$2:U8)),"") | V8: =IF(U8="","",AVERAGEIF($I$2:$I$31,U8,$H$2:$H$31))
A9: 8 | B9: =IF(A9>$AB$2,"",DATE(YEAR(Tracker!$D$1),MONTH(Tracker!$D$1),A9)) | C9: =IF(B9="","",COUNTIF(INDEX(Tracker!$D$3:$AH$32,0,A9),TRUE)/MAX(1,COUNTA(Tracker!$B$3:$B$32))) | D9: =IF(C9="","",AVERAGE(C3:C9)) | E9: =IF(B9="","",COUNTIF(INDEX(Tracker!$D$3:$AH$32,0,A9),TRUE)) | F9: =COUNTA(Tracker!$B$3:$B$32) | G9: =Summary!B9 | H9: =Summary!D9 | I9: =Summary!C9 | J9: =Summary!F9 | K9: =Summary!E9 | L9: =IFERROR(INDEX(FILTER(History!$D$2:$D,History!$A$2:$A=$Y$2,History!$B$2:$B=G9),1),"") | M9: =IF(L9="","",H9-L9) | O9: =IF(ROWS($O$2:O9)>$N$2,"",INDEX($G$2:$G$31,MATCH(LARGE($H$2:$H$31,ROWS($O$2:O9)),$H$2:$H$31,0))) | P9: =IF(O9="","",LARGE($H$2:$H$31,ROWS($P$2:P9))) | Q9: =IF(P9="","",TEXT(P9,"0%")) | R9: =IFERROR(INDEX($G$2:$G$31,MATCH(LARGE($J$2:$J$31,ROWS($R$2:R9)),$J$2:$J$31,0)),"") | S9: =IF(R9="","",INDEX($K$2:$K$31,MATCH(R9,$G$2:$G$31,0))) | T9: =IF(R9="","",LARGE($J$2:$J$31,ROWS($T$2:T9))) | U9: =IFERROR(INDEX(SORT(UNIQUE(FILTER(Habits!$C$2:$C$31,Habits!$C$2:$C$31<>""))),ROWS($U$2:U9)),"") | V9: =IF(U9="","",AVERAGEIF($I$2:$I$31,U9,$H$2:$H$31))
A10: 9 | B10: =IF(A10>$AB$2,"",DATE(YEAR(Tracker!$D$1),MONTH(Tracker!$D$1),A10)) | C10: =IF(B10="","",COUNTIF(INDEX(Tracker!$D$3:$AH$32,0,A10),TRUE)/MAX(1,COUNTA(Tracker!$B$3:$B$32))) | D10: =IF(C10="","",AVERAGE(C4:C10)) | E10: =IF(B10="","",COUNTIF(INDEX(Tracker!$D$3:$AH$32,0,A10),TRUE)) | F10: =COUNTA(Tracker!$B$3:$B$32) | G10: =Summary!B10 | H10: =Summary!D10 | I10: =Summary!C10 | J10: =Summary!F10 | K10: =Summary!E10 | L10: =IFERROR(INDEX(FILTER(History!$D$2:$D,History!$A$2:$A=$Y$2,History!$B$2:$B=G10),1),"") | M10: =IF(L10="","",H10-L10) | O10: =IF(ROWS($O$2:O10)>$N$2,"",INDEX($G$2:$G$31,MATCH(LARGE($H$2:$H$31,ROWS($O$2:O10)),$H$2:$H$31,0))) | P10: =IF(O10="","",LARGE($H$2:$H$31,ROWS($P$2:P10))) | Q10: =IF(P10="","",TEXT(P10,"0%")) | R10: =IFERROR(INDEX($G$2:$G$31,MATCH(LARGE($J$2:$J$31,ROWS($R$2:R10)),$J$2:$J$31,0)),"") | S10: =IF(R10="","",INDEX($K$2:$K$31,MATCH(R10,$G$2:$G$31,0))) | T10: =IF(R10="","",LARGE($J$2:$J$31,ROWS($T$2:T10))) | U10: =IFERROR(INDEX(SORT(UNIQUE(FILTER(Habits!$C$2:$C$31,Habits!$C$2:$C$31<>""))),ROWS($U$2:U10)),"") | V10: =IF(U10="","",AVERAGEIF($I$2:$I$31,U10,$H$2:$H$31))
A11: 10 | B11: =IF(A11>$AB$2,"",DATE(YEAR(Tracker!$D$1),MONTH(Tracker!$D$1),A11)) | C11: =IF(B11="","",COUNTIF(INDEX(Tracker!$D$3:$AH$32,0,A11),TRUE)/MAX(1,COUNTA(Tracker!$B$3:$B$32))) | D11: =IF(C11="","",AVERAGE(C5:C11)) | E11: =IF(B11="","",COUNTIF(INDEX(Tracker!$D$3:$AH$32,0,A11),TRUE)) | F11: =COUNTA(Tracker!$B$3:$B$32) | G11: =Summary!B11 | H11: =Summary!D11 | I11: =Summary!C11 | J11: =Summary!F11 | K11: =Summary!E11 | L11: =IFERROR(INDEX(FILTER(History!$D$2:$D,History!$A$2:$A=$Y$2,History!$B$2:$B=G11),1),"") | M11: =IF(L11="","",H11-L11) | O11: =IF(ROWS($O$2:O11)>$N$2,"",INDEX($G$2:$G$31,MATCH(LARGE($H$2:$H$31,ROWS($O$2:O11)),$H$2:$H$31,0))) | P11: =IF(O11="","",LARGE($H$2:$H$31,ROWS($P$2:P11))) | Q11: =IF(P11="","",TEXT(P11,"0%")) | R11: =IFERROR(INDEX($G$2:$G$31,MATCH(LARGE($J$2:$J$31,ROWS($R$2:R11)),$J$2:$J$31,0)),"") | S11: =IF(R11="","",INDEX($K$2:$K$31,MATCH(R11,$G$2:$G$31,0))) | T11: =IF(R11="","",LARGE($J$2:$J$31,ROWS($T$2:T11)))
A12: 11 | B12: =IF(A12>$AB$2,"",DATE(YEAR(Tracker!$D$1),MONTH(Tracker!$D$1),A12)) | C12: =IF(B12="","",COUNTIF(INDEX(Tracker!$D$3:$AH$32,0,A12),TRUE)/MAX(1,COUNTA(Tracker!$B$3:$B$32))) | D12: =IF(C12="","",AVERAGE(C6:C12)) | E12: =IF(B12="","",COUNTIF(INDEX(Tracker!$D$3:$AH$32,0,A12),TRUE)) | F12: =COUNTA(Tracker!$B$3:$B$32) | G12: =Summary!B12 | H12: =Summary!D12 | I12: =Summary!C12 | J12: =Summary!F12 | K12: =Summary!E12 | L12: =IFERROR(INDEX(FILTER(History!$D$2:$D,History!$A$2:$A=$Y$2,History!$B$2:$B=G12),1),"") | M12: =IF(L12="","",H12-L12) | O12: =IF(ROWS($O$2:O12)>$N$2,"",INDEX($G$2:$G$31,MATCH(LARGE($H$2:$H$31,ROWS($O$2:O12)),$H$2:$H$31,0))) | P12: =IF(O12="","",LARGE($H$2:$H$31,ROWS($P$2:P12))) | Q12: =IF(P12="","",TEXT(P12,"0%"))
A13: 12 | B13: =IF(A13>$AB$2,"",DATE(YEAR(Tracker!$D$1),MONTH(Tracker!$D$1),A13)) | C13: =IF(B13="","",COUNTIF(INDEX(Tracker!$D$3:$AH$32,0,A13),TRUE)/MAX(1,COUNTA(Tracker!$B$3:$B$32))) | D13: =IF(C13="","",AVERAGE(C7:C13)) | E13: =IF(B13="","",COUNTIF(INDEX(Tracker!$D$3:$AH$32,0,A13),TRUE)) | F13: =COUNTA(Tracker!$B$3:$B$32) | G13: =Summary!B13 | H13: =Summary!D13 | I13: =Summary!C13 | J13: =Summary!F13 | K13: =Summary!E13 | L13: =IFERROR(INDEX(FILTER(History!$D$2:$D,History!$A$2:$A=$Y$2,History!$B$2:$B=G13),1),"") | M13: =IF(L13="","",H13-L13) | O13: =IF(ROWS($O$2:O13)>$N$2,"",INDEX($G$2:$G$31,MATCH(LARGE($H$2:$H$31,ROWS($O$2:O13)),$H$2:$H$31,0))) | P13: =IF(O13="","",LARGE($H$2:$H$31,ROWS($P$2:P13))) | Q13: =IF(P13="","",TEXT(P13,"0%"))
A14: 13 | B14: =IF(A14>$AB$2,"",DATE(YEAR(Tracker!$D$1),MONTH(Tracker!$D$1),A14)) | C14: =IF(B14="","",COUNTIF(INDEX(Tracker!$D$3:$AH$32,0,A14),TRUE)/MAX(1,COUNTA(Tracker!$B$3:$B$32))) | D14: =IF(C14="","",AVERAGE(C8:C14)) | E14: =IF(B14="","",COUNTIF(INDEX(Tracker!$D$3:$AH$32,0,A14),TRUE)) | F14: =COUNTA(Tracker!$B$3:$B$32) | G14: =Summary!B14 | H14: =Summary!D14 | I14: =Summary!C14 | J14: =Summary!F14 | K14: =Summary!E14 | L14: =IFERROR(INDEX(FILTER(History!$D$2:$D,History!$A$2:$A=$Y$2,History!$B$2:$B=G14),1),"") | M14: =IF(L14="","",H14-L14) | O14: =IF(ROWS($O$2:O14)>$N$2,"",INDEX($G$2:$G$31,MATCH(LARGE($H$2:$H$31,ROWS($O$2:O14)),$H$2:$H$31,0))) | P14: =IF(O14="","",LARGE($H$2:$H$31,ROWS($P$2:P14))) | Q14: =IF(P14="","",TEXT(P14,"0%"))
A15: 14 | B15: =IF(A15>$AB$2,"",DATE(YEAR(Tracker!$D$1),MONTH(Tracker!$D$1),A15)) | C15: =IF(B15="","",COUNTIF(INDEX(Tracker!$D$3:$AH$32,0,A15),TRUE)/MAX(1,COUNTA(Tracker!$B$3:$B$32))) | D15: =IF(C15="","",AVERAGE(C9:C15)) | E15: =IF(B15="","",COUNTIF(INDEX(Tracker!$D$3:$AH$32,0,A15),TRUE)) | F15: =COUNTA(Tracker!$B$3:$B$32) | G15: =Summary!B15 | H15: =Summary!D15 | I15: =Summary!C15 | J15: =Summary!F15 | K15: =Summary!E15 | L15: =IFERROR(INDEX(FILTER(History!$D$2:$D,History!$A$2:$A=$Y$2,History!$B$2:$B=G15),1),"") | M15: =IF(L15="","",H15-L15) | O15: =IF(ROWS($O$2:O15)>$N$2,"",INDEX($G$2:$G$31,MATCH(LARGE($H$2:$H$31,ROWS($O$2:O15)),$H$2:$H$31,0))) | P15: =IF(O15="","",LARGE($H$2:$H$31,ROWS($P$2:P15))) | Q15: =IF(P15="","",TEXT(P15,"0%"))
A16: 15 | B16: =IF(A16>$AB$2,"",DATE(YEAR(Tracker!$D$1),MONTH(Tracker!$D$1),A16)) | C16: =IF(B16="","",COUNTIF(INDEX(Tracker!$D$3:$AH$32,0,A16),TRUE)/MAX(1,COUNTA(Tracker!$B$3:$B$32))) | D16: =IF(C16="","",AVERAGE(C10:C16)) | E16: =IF(B16="","",COUNTIF(INDEX(Tracker!$D$3:$AH$32,0,A16),TRUE)) | F16: =COUNTA(Tracker!$B$3:$B$32) | G16: =Summary!B16 | H16: =Summary!D16 | I16: =Summary!C16 | J16: =Summary!F16 | K16: =Summary!E16 | L16: =IFERROR(INDEX(FILTER(History!$D$2:$D,History!$A$2:$A=$Y$2,History!$B$2:$B=G16),1),"") | M16: =IF(L16="","",H16-L16) | O16: =IF(ROWS($O$2:O16)>$N$2,"",INDEX($G$2:$G$31,MATCH(LARGE($H$2:$H$31,ROWS($O$2:O16)),$H$2:$H$31,0))) | P16: =IF(O16="","",LARGE($H$2:$H$31,ROWS($P$2:P16))) | Q16: =IF(P16="","",TEXT(P16,"0%"))
A17: 16 | B17: =IF(A17>$AB$2,"",DATE(YEAR(Tracker!$D$1),MONTH(Tracker!$D$1),A17)) | C17: =IF(B17="","",COUNTIF(INDEX(Tracker!$D$3:$AH$32,0,A17),TRUE)/MAX(1,COUNTA(Tracker!$B$3:$B$32))) | D17: =IF(C17="","",AVERAGE(C11:C17)) | E17: =IF(B17="","",COUNTIF(INDEX(Tracker!$D$3:$AH$32,0,A17),TRUE)) | F17: =COUNTA(Tracker!$B$3:$B$32) | G17: =Summary!B17 | H17: =Summary!D17 | I17: =Summary!C17 | J17: =Summary!F17 | K17: =Summary!E17 | L17: =IFERROR(INDEX(FILTER(History!$D$2:$D,History!$A$2:$A=$Y$2,History!$B$2:$B=G17),1),"") | M17: =IF(L17="","",H17-L17) | O17: =IF(ROWS($O$2:O17)>$N$2,"",INDEX($G$2:$G$31,MATCH(LARGE($H$2:$H$31,ROWS($O$2:O17)),$H$2:$H$31,0))) | P17: =IF(O17="","",LARGE($H$2:$H$31,ROWS($P$2:P17))) | Q17: =IF(P17="","",TEXT(P17,"0%"))
A18: 17 | B18: =IF(A18>$AB$2,"",DATE(YEAR(Tracker!$D$1),MONTH(Tracker!$D$1),A18)) | C18: =IF(B18="","",COUNTIF(INDEX(Tracker!$D$3:$AH$32,0,A18),TRUE)/MAX(1,COUNTA(Tracker!$B$3:$B$32))) | D18: =IF(C18="","",AVERAGE(C12:C18)) | E18: =IF(B18="","",COUNTIF(INDEX(Tracker!$D$3:$AH$32,0,A18),TRUE)) | F18: =COUNTA(Tracker!$B$3:$B$32) | G18: =Summary!B18 | H18: =Summary!D18 | I18: =Summary!C18 | J18: =Summary!F18 | K18: =Summary!E18 | L18: =IFERROR(INDEX(FILTER(History!$D$2:$D,History!$A$2:$A=$Y$2,History!$B$2:$B=G18),1),"") | M18: =IF(L18="","",H18-L18) | O18: =IF(ROWS($O$2:O18)>$N$2,"",INDEX($G$2:$G$31,MATCH(LARGE($H$2:$H$31,ROWS($O$2:O18)),$H$2:$H$31,0))) | P18: =IF(O18="","",LARGE($H$2:$H$31,ROWS($P$2:P18))) | Q18: =IF(P18="","",TEXT(P18,"0%"))
A19: 18 | B19: =IF(A19>$AB$2,"",DATE(YEAR(Tracker!$D$1),MONTH(Tracker!$D$1),A19)) | C19: =IF(B19="","",COUNTIF(INDEX(Tracker!$D$3:$AH$32,0,A19),TRUE)/MAX(1,COUNTA(Tracker!$B$3:$B$32))) | D19: =IF(C19="","",AVERAGE(C13:C19)) | E19: =IF(B19="","",COUNTIF(INDEX(Tracker!$D$3:$AH$32,0,A19),TRUE)) | F19: =COUNTA(Tracker!$B$3:$B$32) | G19: =Summary!B19 | H19: =Summary!D19 | I19: =Summary!C19 | J19: =Summary!F19 | K19: =Summary!E19 | L19: =IFERROR(INDEX(FILTER(History!$D$2:$D,History!$A$2:$A=$Y$2,History!$B$2:$B=G19),1),"") | M19: =IF(L19="","",H19-L19) | O19: =IF(ROWS($O$2:O19)>$N$2,"",INDEX($G$2:$G$31,MATCH(LARGE($H$2:$H$31,ROWS($O$2:O19)),$H$2:$H$31,0))) | P19: =IF(O19="","",LARGE($H$2:$H$31,ROWS($P$2:P19))) | Q19: =IF(P19="","",TEXT(P19,"0%"))
A20: 19 | B20: =IF(A20>$AB$2,"",DATE(YEAR(Tracker!$D$1),MONTH(Tracker!$D$1),A20)) | C20: =IF(B20="","",COUNTIF(INDEX(Tracker!$D$3:$AH$32,0,A20),TRUE)/MAX(1,COUNTA(Tracker!$B$3:$B$32))) | D20: =IF(C20="","",AVERAGE(C14:C20)) | E20: =IF(B20="","",COUNTIF(INDEX(Tracker!$D$3:$AH$32,0,A20),TRUE)) | F20: =COUNTA(Tracker!$B$3:$B$32) | G20: =Summary!B20 | H20: =Summary!D20 | I20: =Summary!C20 | J20: =Summary!F20 | K20: =Summary!E20 | L20: =IFERROR(INDEX(FILTER(History!$D$2:$D,History!$A$2:$A=$Y$2,History!$B$2:$B=G20),1),"") | M20: =IF(L20="","",H20-L20) | O20: =IF(ROWS($O$2:O20)>$N$2,"",INDEX($G$2:$G$31,MATCH(LARGE($H$2:$H$31,ROWS($O$2:O20)),$H$2:$H$31,0))) | P20: =IF(O20="","",LARGE($H$2:$H$31,ROWS($P$2:P20))) | Q20: =IF(P20="","",TEXT(P20,"0%"))
A21: 20 | B21: =IF(A21>$AB$2,"",DATE(YEAR(Tracker!$D$1),MONTH(Tracker!$D$1),A21)) | C21: =IF(B21="","",COUNTIF(INDEX(Tracker!$D$3:$AH$32,0,A21),TRUE)/MAX(1,COUNTA(Tracker!$B$3:$B$32))) | D21: =IF(C21="","",AVERAGE(C15:C21)) | E21: =IF(B21="","",COUNTIF(INDEX(Tracker!$D$3:$AH$32,0,A21),TRUE)) | F21: =COUNTA(Tracker!$B$3:$B$32) | G21: =Summary!B21 | H21: =Summary!D21 | I21: =Summary!C21 | J21: =Summary!F21 | K21: =Summary!E21 | L21: =IFERROR(INDEX(FILTER(History!$D$2:$D,History!$A$2:$A=$Y$2,History!$B$2:$B=G21),1),"") | M21: =IF(L21="","",H21-L21) | O21: =IF(ROWS($O$2:O21)>$N$2,"",INDEX($G$2:$G$31,MATCH(LARGE($H$2:$H$31,ROWS($O$2:O21)),$H$2:$H$31,0))) | P21: =IF(O21="","",LARGE($H$2:$H$31,ROWS($P$2:P21))) | Q21: =IF(P21="","",TEXT(P21,"0%"))
A22: 21 | B22: =IF(A22>$AB$2,"",DATE(YEAR(Tracker!$D$1),MONTH(Tracker!$D$1),A22)) | C22: =IF(B22="","",COUNTIF(INDEX(Tracker!$D$3:$AH$32,0,A22),TRUE)/MAX(1,COUNTA(Tracker!$B$3:$B$32))) | D22: =IF(C22="","",AVERAGE(C16:C22)) | E22: =IF(B22="","",COUNTIF(INDEX(Tracker!$D$3:$AH$32,0,A22),TRUE)) | F22: =COUNTA(Tracker!$B$3:$B$32) | G22: =Summary!B22 | H22: =Summary!D22 | I22: =Summary!C22 | J22: =Summary!F22 | K22: =Summary!E22 | L22: =IFERROR(INDEX(FILTER(History!$D$2:$D,History!$A$2:$A=$Y$2,History!$B$2:$B=G22),1),"") | M22: =IF(L22="","",H22-L22)
A23: 22 | B23: =IF(A23>$AB$2,"",DATE(YEAR(Tracker!$D$1),MONTH(Tracker!$D$1),A23)) | C23: =IF(B23="","",COUNTIF(INDEX(Tracker!$D$3:$AH$32,0,A23),TRUE)/MAX(1,COUNTA(Tracker!$B$3:$B$32))) | D23: =IF(C23="","",AVERAGE(C17:C23)) | E23: =IF(B23="","",COUNTIF(INDEX(Tracker!$D$3:$AH$32,0,A23),TRUE)) | F23: =COUNTA(Tracker!$B$3:$B$32) | G23: =Summary!B23 | H23: =Summary!D23 | I23: =Summary!C23 | J23: =Summary!F23 | K23: =Summary!E23 | L23: =IFERROR(INDEX(FILTER(History!$D$2:$D,History!$A$2:$A=$Y$2,History!$B$2:$B=G23),1),"") | M23: =IF(L23="","",H23-L23)
A24: 23 | B24: =IF(A24>$AB$2,"",DATE(YEAR(Tracker!$D$1),MONTH(Tracker!$D$1),A24)) | C24: =IF(B24="","",COUNTIF(INDEX(Tracker!$D$3:$AH$32,0,A24),TRUE)/MAX(1,COUNTA(Tracker!$B$3:$B$32))) | D24: =IF(C24="","",AVERAGE(C18:C24)) | E24: =IF(B24="","",COUNTIF(INDEX(Tracker!$D$3:$AH$32,0,A24),TRUE)) | F24: =COUNTA(Tracker!$B$3:$B$32) | G24: =Summary!B24 | H24: =Summary!D24 | I24: =Summary!C24 | J24: =Summary!F24 | K24: =Summary!E24 | L24: =IFERROR(INDEX(FILTER(History!$D$2:$D,History!$A$2:$A=$Y$2,History!$B$2:$B=G24),1),"") | M24: =IF(L24="","",H24-L24)
A25: 24 | B25: =IF(A25>$AB$2,"",DATE(YEAR(Tracker!$D$1),MONTH(Tracker!$D$1),A25)) | C25: =IF(B25="","",COUNTIF(INDEX(Tracker!$D$3:$AH$32,0,A25),TRUE)/MAX(1,COUNTA(Tracker!$B$3:$B$32))) | D25: =IF(C25="","",AVERAGE(C19:C25)) | E25: =IF(B25="","",COUNTIF(INDEX(Tracker!$D$3:$AH$32,0,A25),TRUE)) | F25: =COUNTA(Tracker!$B$3:$B$32) | G25: =Summary!B25 | H25: =Summary!D25 | I25: =Summary!C25 | J25: =Summary!F25 | K25: =Summary!E25 | L25: =IFERROR(INDEX(FILTER(History!$D$2:$D,History!$A$2:$A=$Y$2,History!$B$2:$B=G25),1),"") | M25: =IF(L25="","",H25-L25)
A26: 25 | B26: =IF(A26>$AB$2,"",DATE(YEAR(Tracker!$D$1),MONTH(Tracker!$D$1),A26)) | C26: =IF(B26="","",COUNTIF(INDEX(Tracker!$D$3:$AH$32,0,A26),TRUE)/MAX(1,COUNTA(Tracker!$B$3:$B$32))) | D26: =IF(C26="","",AVERAGE(C20:C26)) | E26: =IF(B26="","",COUNTIF(INDEX(Tracker!$D$3:$AH$32,0,A26),TRUE)) | F26: =COUNTA(Tracker!$B$3:$B$32) | G26: =Summary!B26 | H26: =Summary!D26 | I26: =Summary!C26 | J26: =Summary!F26 | K26: =Summary!E26 | L26: =IFERROR(INDEX(FILTER(History!$D$2:$D,History!$A$2:$A=$Y$2,History!$B$2:$B=G26),1),"") | M26: =IF(L26="","",H26-L26)
A27: 26 | B27: =IF(A27>$AB$2,"",DATE(YEAR(Tracker!$D$1),MONTH(Tracker!$D$1),A27)) | C27: =IF(B27="","",COUNTIF(INDEX(Tracker!$D$3:$AH$32,0,A27),TRUE)/MAX(1,COUNTA(Tracker!$B$3:$B$32))) | D27: =IF(C27="","",AVERAGE(C21:C27)) | E27: =IF(B27="","",COUNTIF(INDEX(Tracker!$D$3:$AH$32,0,A27),TRUE)) | F27: =COUNTA(Tracker!$B$3:$B$32) | G27: =Summary!B27 | H27: =Summary!D27 | I27: =Summary!C27 | J27: =Summary!F27 | K27: =Summary!E27 | L27: =IFERROR(INDEX(FILTER(History!$D$2:$D,History!$A$2:$A=$Y$2,History!$B$2:$B=G27),1),"") | M27: =IF(L27="","",H27-L27)
A28: 27 | B28: =IF(A28>$AB$2,"",DATE(YEAR(Tracker!$D$1),MONTH(Tracker!$D$1),A28)) | C28: =IF(B28="","",COUNTIF(INDEX(Tracker!$D$3:$AH$32,0,A28),TRUE)/MAX(1,COUNTA(Tracker!$B$3:$B$32))) | D28: =IF(C28="","",AVERAGE(C22:C28)) | E28: =IF(B28="","",COUNTIF(INDEX(Tracker!$D$3:$AH$32,0,A28),TRUE)) | F28: =COUNTA(Tracker!$B$3:$B$32) | G28: =Summary!B28 | H28: =Summary!D28 | I28: =Summary!C28 | J28: =Summary!F28 | K28: =Summary!E28 | L28: =IFERROR(INDEX(FILTER(History!$D$2:$D,History!$A$2:$A=$Y$2,History!$B$2:$B=G28),1),"") | M28: =IF(L28="","",H28-L28)
A29: 28 | B29: =IF(A29>$AB$2,"",DATE(YEAR(Tracker!$D$1),MONTH(Tracker!$D$1),A29)) | C29: =IF(B29="","",COUNTIF(INDEX(Tracker!$D$3:$AH$32,0,A29),TRUE)/MAX(1,COUNTA(Tracker!$B$3:$B$32))) | D29: =IF(C29="","",AVERAGE(C23:C29)) | E29: =IF(B29="","",COUNTIF(INDEX(Tracker!$D$3:$AH$32,0,A29),TRUE)) | F29: =COUNTA(Tracker!$B$3:$B$32) | G29: =Summary!B29 | H29: =Summary!D29 | I29: =Summary!C29 | J29: =Summary!F29 | K29: =Summary!E29 | L29: =IFERROR(INDEX(FILTER(History!$D$2:$D,History!$A$2:$A=$Y$2,History!$B$2:$B=G29),1),"") | M29: =IF(L29="","",H29-L29)
A30: 29 | B30: =IF(A30>$AB$2,"",DATE(YEAR(Tracker!$D$1),MONTH(Tracker!$D$1),A30)) | C30: =IF(B30="","",COUNTIF(INDEX(Tracker!$D$3:$AH$32,0,A30),TRUE)/MAX(1,COUNTA(Tracker!$B$3:$B$32))) | D30: =IF(C30="","",AVERAGE(C24:C30)) | E30: =IF(B30="","",COUNTIF(INDEX(Tracker!$D$3:$AH$32,0,A30),TRUE)) | F30: =COUNTA(Tracker!$B$3:$B$32) | G30: =Summary!B30 | H30: =Summary!D30 | I30: =Summary!C30 | J30: =Summary!F30 | K30: =Summary!E30 | L30: =IFERROR(INDEX(FILTER(History!$D$2:$D,History!$A$2:$A=$Y$2,History!$B$2:$B=G30),1),"") | M30: =IF(L30="","",H30-L30)
A31: 30 | B31: =IF(A31>$AB$2,"",DATE(YEAR(Tracker!$D$1),MONTH(Tracker!$D$1),A31)) | C31: =IF(B31="","",COUNTIF(INDEX(Tracker!$D$3:$AH$32,0,A31),TRUE)/MAX(1,COUNTA(Tracker!$B$3:$B$32))) | D31: =IF(C31="","",AVERAGE(C25:C31)) | E31: =IF(B31="","",COUNTIF(INDEX(Tracker!$D$3:$AH$32,0,A31),TRUE)) | F31: =COUNTA(Tracker!$B$3:$B$32) | G31: =Summary!B31 | H31: =Summary!D31 | I31: =Summary!C31 | J31: =Summary!F31 | K31: =Summary!E31 | L31: =IFERROR(INDEX(FILTER(History!$D$2:$D,History!$A$2:$A=$Y$2,History!$B$2:$B=G31),1),"") | M31: =IF(L31="","",H31-L31)
A32: 31 | B32: =IF(A32>$AB$2,"",DATE(YEAR(Tracker!$D$1),MONTH(Tracker!$D$1),A32)) | C32: =IF(B32="","",COUNTIF(INDEX(Tracker!$D$3:$AH$32,0,A32),TRUE)/MAX(1,COUNTA(Tracker!$B$3:$B$32))) | D32: =IF(C32="","",AVERAGE(C26:C32)) | E32: =IF(B32="","",COUNTIF(INDEX(Tracker!$D$3:$AH$32,0,A32),TRUE)) | F32: =COUNTA(Tracker!$B$3:$B$32)

Sheet History
A1: Month Start | B1: Habit | C1: Category | D1: Completion % | E1: Longest Streak | F1: Current Streak | G1: Archived At

Sheet AppScript
A1: Paste this into Extensions > Apps Script in Google Sheets
A3: function onOpen() {
A4: SpreadsheetApp.getUi()
A5: .createMenu('Tracker Tools')
A6: .addItem('Setup / Refresh dashboard', 'setupHabitDashboard')
A7: .addItem('Archive current month', 'archiveCurrentMonth')
A8: .addToUi();
A9: ensureNamedRanges_();
A10: }
A12: function onEdit(e) {
A13: if (!e || !e.range) return;
A14: const sheet = e.range.getSheet();
... A207: }

Sheet HowToUse
A1: HOW TO COPY & USE
A3: 1. Upload SerenatasHabitTracker_Enhanced_Dashboard.xlsx to Google Drive and open it with Google Sheets.
A4: 2. Go to Extensions > Apps Script and paste the full code from the AppScript tab or habit_dashboard.gs.
A5: 3. Run setupHabitDashboard() once so the file inserts checkboxes, refreshes named ranges, and rebuilds the charts as Google Sheets objects.
A6: 4. Change Tracker!D1 to any month-start date like 2026-04-01.
A7: 5. Keep editing the Habits sheet if you want different habits or categories.
A8: 6. Before you roll to a new month, run Tracker Tools > Archive current month. That powers the Best Improvement KPI.
A9: 7. Mobile note: the dashboard is arranged as top KPIs, then trend, heatmap, and charts vertically so it remains readable on narrow screens.
