Workbook

Sheet Dashboard
A1: 🌿 MONTHLY HABIT DASHBOARD
A4: =TEXT(Tracker!D1,"MMMM YYYY") -> January 2025
B7: TOTAL HABITS | D7: AVG COMPLETION | F7: HABITS > 80% | H7: STREAK LEADER
B8: =28 -> 28 | D8: =IFERROR(AVERAGE(Tracker!AI3:AI30),0) -> 0 | F8: =COUNTIF(Tracker!AI3:AI30,">0.8") -> 0 | H8: =IFERROR(INDEX(Tracker!B3:B30,MATCH(MAX(Tracker!AJ3:AJ30),Tracker!AJ3:AJ30,0)),"—") -> Morning Exercise
B11: 📈 DAILY COMPLETION TREND | H11: 🏅 TOP HABITS
H12: 1 | I12: =IFERROR(INDEX(Helper!E2:E29,MATCH(LARGE(Helper!F2:F29,1),Helper!F2:F29,0)),"—") -> Morning Exercise | J12: =IFERROR(LARGE(Helper!F2:F29,1),0) -> 0
H13: 2 | I13: =IFERROR(INDEX(Helper!E2:E29,MATCH(LARGE(Helper!F2:F29,2),Helper!F2:F29,0)),"—") -> Morning Exercise | J13: =IFERROR(LARGE(Helper!F2:F29,2),0) -> 0
H14: 3 | I14: =IFERROR(INDEX(Helper!E2:E29,MATCH(LARGE(Helper!F2:F29,3),Helper!F2:F29,0)),"—") -> Morning Exercise | J14: =IFERROR(LARGE(Helper!F2:F29,3),0) -> 0
H15: 4 | I15: =IFERROR(INDEX(Helper!E2:E29,MATCH(LARGE(Helper!F2:F29,4),Helper!F2:F29,0)),"—") -> Morning Exercise | J15: =IFERROR(LARGE(Helper!F2:F29,4),0) -> 0
H16: 5 | I16: =IFERROR(INDEX(Helper!E2:E29,MATCH(LARGE(Helper!F2:F29,5),Helper!F2:F29,0)),"—") -> Morning Exercise | J16: =IFERROR(LARGE(Helper!F2:F29,5),0) -> 0
H17: 6 | I17: =IFERROR(INDEX(Helper!E2:E29,MATCH(LARGE(Helper!F2:F29,6),Helper!F2:F29,0)),"—") -> Morning Exercise | J17: =IFERROR(LARGE(Helper!F2:F29,6),0) -> 0
H18: 7 | I18: =IFERROR(INDEX(Helper!E2:E29,MATCH(LARGE(Helper!F2:F29,7),Helper!F2:F29,0)),"—") -> Morning Exercise | J18: =IFERROR(LARGE(Helper!F2:F29,7),0) -> 0
H19: 8 | I19: =IFERROR(INDEX(Helper!E2:E29,MATCH(LARGE(Helper!F2:F29,8),Helper!F2:F29,0)),"—") -> Morning Exercise | J19: =IFERROR(LARGE(Helper!F2:F29,8),0) -> 0
H20: 9 | I20: =IFERROR(INDEX(Helper!E2:E29,MATCH(LARGE(Helper!F2:F29,9),Helper!F2:F29,0)),"—") -> Morning Exercise | J20: =IFERROR(LARGE(Helper!F2:F29,9),0) -> 0
H21: 10 | I21: =IFERROR(INDEX(Helper!E2:E29,MATCH(LARGE(Helper!F2:F29,10),Helper!F2:F29,0)),"—") -> Morning Exercise | J21: =IFERROR(LARGE(Helper!F2:F29,10),0) -> 0
H23: 📊 CATEGORY AVGS
H24: Career | I24: =IFERROR(AVERAGEIF(Helper!G2:G29,Dashboard!H24,Helper!F2:F29),0) -> 0
H25: Finance | I25: =IFERROR(AVERAGEIF(Helper!G2:G29,Dashboard!H25,Helper!F2:F29),0) -> 0
H26: Health | I26: =IFERROR(AVERAGEIF(Helper!G2:G29,Dashboard!H26,Helper!F2:F29),0) -> 0
H27: Learning | I27: =IFERROR(AVERAGEIF(Helper!G2:G29,Dashboard!H27,Helper!F2:F29),0) -> 0
H28: Mindset | I28: =IFERROR(AVERAGEIF(Helper!G2:G29,Dashboard!H28,Helper!F2:F29),0) -> 0
B60: 🗓️ MONTHLY HEATMAP (Daily Completion %)
B61: Mon | C61: Tue | D61: Wed | E61: Thu | F61: Fri | G61: Sat | H61: Sun
B62: =Helper!B2 -> 0 | C62: =Helper!B3 -> 0 | D62: =Helper!B4 -> 0 | E62: =Helper!B5 -> 0 | F62: =Helper!B6 -> 0 | G62: =Helper!B7 -> 0 | H62: =Helper!B8 -> 0
B63: =Helper!B9 -> 0 | C63: =Helper!B10 -> 0 | D63: =Helper!B11 -> 0 | E63: =Helper!B12 -> 0 | F63: =Helper!B13 -> 0 | G63: =Helper!B14 -> 0 | H63: =Helper!B15 -> 0
B64: =Helper!B16 -> 0 | C64: =Helper!B17 -> 0 | D64: =Helper!B18 -> 0 | E64: =Helper!B19 -> 0 | F64: =Helper!B20 -> 0 | G64: =Helper!B21 -> 0 | H64: =Helper!B22 -> 0
B65: =Helper!B23 -> 0 | C65: =Helper!B24 -> 0 | D65: =Helper!B25 -> 0 | E65: =Helper!B26 -> 0 | F65: =Helper!B27 -> 0 | G65: =Helper!B28 -> 0 | H65: =Helper!B29 -> 0
B66: =Helper!B30 -> 0 | C66: =Helper!B31 -> 0 | D66: =Helper!B32 -> 0
B69: 🎨 LEGEND & COLOR KEY
B70: Green (#1A7A4A / #34A85A) | E70: High completion >80%
B71: Amber (#F5A623) | E71: Mid completion 40-80%
B72: Red (#C0392B) | E72: Low completion <40%
B73: Heatmap: gray→green ramp | E73: 0% (gray) to 100% (deep green)

Sheet Tracker
A1: Month: | D1: 45658
A2: # | B2: Habit | C2: Category | D2: 1 | E2: 2 | F2: 3 | G2: 4 | H2: 5 | I2: 6 | J2: 7 | K2: 8 | L2: 9 | M2: 10 | N2: 11 | O2: 12 | P2: 13 | Q2: 14 | R2: 15 | S2: 16 | T2: 17 | U2: 18 | V2: 19 | W2: 20 | X2: 21 | Y2: 22 | Z2: 23 | AA2: 24 | AB2: 25 | AC2: 26 | AD2: 27 | AE2: 28 | AF2: 29 | AG2: 30 | AH2: 31 | AI2: Progress % | AJ2: Longest Streak | AK2: Current Streak | AL2: Sparkline (last 31d)
A3: 1 | B3: Morning Exercise | C3: Health | D3: =FALSE() -> FALSE | E3: =FALSE() -> FALSE | F3: =FALSE() -> FALSE | G3: =FALSE() -> FALSE | H3: =FALSE() -> FALSE | I3: =FALSE() -> FALSE | J3: =FALSE() -> FALSE | K3: =FALSE() -> FALSE | ... AH3: =FALSE() -> FALSE | AI3: =IFERROR(COUNTIF(D3:AH3,TRUE())/COUNTA(D3:AH3),0) -> 0 | AJ3: =IFERROR(MAX(FREQUENCY(IF(D3:AH3=TRUE(),COLUMN(D3:AH3)-COLUMN(D3)+1),IF(D3:AH3<>TRUE(),COLUMN(D3:AH3)-COLUMN(D3)+1))),0) -> 0 | AK3: =COUNTIF(D3:AH3,TRUE()) -> 0 | AL3: [GS: =SPARKLINE(D3:AH3)]
A4: 2 | B4: Hydration 2L | C4: Health | D4: =FALSE() -> FALSE | E4: =FALSE() -> FALSE | F4: =FALSE() -> FALSE | G4: =FALSE() -> FALSE | H4: =FALSE() -> FALSE | I4: =FALSE() -> FALSE | J4: =FALSE() -> FALSE | K4: =FALSE() -> FALSE | ... AH4: =FALSE() -> FALSE | AI4: =IFERROR(COUNTIF(D4:AH4,TRUE())/COUNTA(D4:AH4),0) -> 0 | AJ4: =IFERROR(MAX(FREQUENCY(IF(D4:AH4=TRUE(),COLUMN(D4:AH4)-COLUMN(D4)+1),IF(D4:AH4<>TRUE(),COLUMN(D4:AH4)-COLUMN(D4)+1))),0) -> 0 | AK4: =COUNTIF(D4:AH4,TRUE()) -> 0 | AL4: [GS: =SPARKLINE(D4:AH4)]
A5: 3 | B5: Sleep by 10 pm | C5: Health | D5: =FALSE() -> FALSE | E5: =FALSE() -> FALSE | F5: =FALSE() -> FALSE | G5: =FALSE() -> FALSE | H5: =FALSE() -> FALSE | I5: =FALSE() -> FALSE | J5: =FALSE() -> FALSE | K5: =FALSE() -> FALSE | ... AH5: =FALSE() -> FALSE | AI5: =IFERROR(COUNTIF(D5:AH5,TRUE())/COUNTA(D5:AH5),0) -> 0 | AJ5: =IFERROR(MAX(FREQUENCY(IF(D5:AH5=TRUE(),COLUMN(D5:AH5)-COLUMN(D5)+1),IF(D5:AH5<>TRUE(),COLUMN(D5:AH5)-COLUMN(D5)+1))),0) -> 0 | AK5: =COUNTIF(D5:AH5,TRUE()) -> 0 | AL5: [GS: =SPARKLINE(D5:AH5)]
A6: 4 | B6: No Junk Food | C6: Health | D6: =FALSE() -> FALSE | E6: =FALSE() -> FALSE | F6: =FALSE() -> FALSE | G6: =FALSE() -> FALSE | H6: =FALSE() -> FALSE | I6: =FALSE() -> FALSE | J6: =FALSE() -> FALSE | K6: =FALSE() -> FALSE | ... AH6: =FALSE() -> FALSE | AI6: =IFERROR(COUNTIF(D6:AH6,TRUE())/COUNTA(D6:AH6),0) -> 0 | AJ6: =IFERROR(MAX(FREQUENCY(IF(D6:AH6=TRUE(),COLUMN(D6:AH6)-COLUMN(D6)+1),IF(D6:AH6<>TRUE(),COLUMN(D6:AH6)-COLUMN(D6)+1))),0) -> 0 | AK6: =COUNTIF(D6:AH6,TRUE()) -> 0 | AL6: [GS: =SPARKLINE(D6:AH6)]
A7: 5 | B7: Walk 10k Steps | C7: Health | D7: =FALSE() -> FALSE | E7: =FALSE() -> FALSE | F7: =FALSE() -> FALSE | G7: =FALSE() -> FALSE | H7: =FALSE() -> FALSE | I7: =FALSE() -> FALSE | J7: =FALSE() -> FALSE | K7: =FALSE() -> FALSE | ... AH7: =FALSE() -> FALSE | AI7: =IFERROR(COUNTIF(D7:AH7,TRUE())/COUNTA(D7:AH7),0) -> 0 | AJ7: =IFERROR(MAX(FREQUENCY(IF(D7:AH7=TRUE(),COLUMN(D7:AH7)-COLUMN(D7)+1),IF(D7:AH7<>TRUE(),COLUMN(D7:AH7)-COLUMN(D7)+1))),0) -> 0 | AK7: =COUNTIF(D7:AH7,TRUE()) -> 0 | AL7: [GS: =SPARKLINE(D7:AH7)]
A8: 6 | B8: Cook at Home | C8: Health | D8: =FALSE() -> FALSE | E8: =FALSE() -> FALSE | F8: =FALSE() -> FALSE | G8: =FALSE() -> FALSE | H8: =FALSE() -> FALSE | I8: =FALSE() -> FALSE | J8: =FALSE() -> FALSE | K8: =FALSE() -> FALSE | ... AH8: =FALSE() -> FALSE | AI8: =IFERROR(COUNTIF(D8:AH8,TRUE())/COUNTA(D8:AH8),0) -> 0 | AJ8: =IFERROR(MAX(FREQUENCY(IF(D8:AH8=TRUE(),COLUMN(D8:AH8)-COLUMN(D8)+1),IF(D8:AH8<>TRUE(),COLUMN(D8:AH8)-COLUMN(D8)+1))),0) -> 0 | AK8: =COUNTIF(D8:AH8,TRUE()) -> 0 | AL8: [GS: =SPARKLINE(D8:AH8)]
A9: 7 | B9: Read 30 min | C9: Learning | D9: =FALSE() -> FALSE | E9: =FALSE() -> FALSE | F9: =FALSE() -> FALSE | G9: =FALSE() -> FALSE | H9: =FALSE() -> FALSE | I9: =FALSE() -> FALSE | J9: =FALSE() -> FALSE | K9: =FALSE() -> FALSE | ... AH9: =FALSE() -> FALSE | AI9: =IFERROR(COUNTIF(D9:AH9,TRUE())/COUNTA(D9:AH9),0) -> 0 | AJ9: =IFERROR(MAX(FREQUENCY(IF(D9:AH9=TRUE(),COLUMN(D9:AH9)-COLUMN(D9)+1),IF(D9:AH9<>TRUE(),COLUMN(D9:AH9)-COLUMN(D9)+1))),0) -> 0 | AK9: =COUNTIF(D9:AH9,TRUE()) -> 0 | AL9: [GS: =SPARKLINE(D9:AH9)]
A10: 8 | B10: Journal | C10: Learning | D10: =FALSE() -> FALSE | E10: =FALSE() -> FALSE | F10: =FALSE() -> FALSE | G10: =FALSE() -> FALSE | H10: =FALSE() -> FALSE | I10: =FALSE() -> FALSE | J10: =FALSE() -> FALSE | K10: =FALSE() -> FALSE | ... AH10: =FALSE() -> FALSE | AI10: =IFERROR(COUNTIF(D10:AH10,TRUE())/COUNTA(D10:AH10),0) -> 0 | AJ10: =IFERROR(MAX(FREQUENCY(IF(D10:AH10=TRUE(),COLUMN(D10:AH10)-COLUMN(D10)+1),IF(D10:AH10<>TRUE(),COLUMN(D10:AH10)-COLUMN(D10)+1))),0) -> 0 | AK10: =COUNTIF(D10:AH10,TRUE()) -> 0 | AL10: [GS: =SPARKLINE(D10:AH10)]
A11: 9 | B11: Learn a Language | C11: Learning | D11: =FALSE() -> FALSE | E11: =FALSE() -> FALSE | F11: =FALSE() -> FALSE | G11: =FALSE() -> FALSE | H11: =FALSE() -> FALSE | I11: =FALSE() -> FALSE | J11: =FALSE() -> FALSE | K11: =FALSE() -> FALSE | ... AH11: =FALSE() -> FALSE | AI11: =IFERROR(COUNTIF(D11:AH11,TRUE())/COUNTA(D11:AH11),0) -> 0 | AJ11: =IFERROR(MAX(FREQUENCY(IF(D11:AH11=TRUE(),COLUMN(D11:AH11)-COLUMN(D11)+1),IF(D11:AH11<>TRUE(),COLUMN(D11:AH11)-COLUMN(D11)+1))),0) -> 0 | AK11: =COUNTIF(D11:AH11,TRUE()) -> 0 | AL11: [GS: =SPARKLINE(D11:AH11)]
A12: 10 | B12: Gratitude List | C12: Learning | D12: =FALSE() -> FALSE | E12: =FALSE() -> FALSE | F12: =FALSE() -> FALSE | G12: =FALSE() -> FALSE | H12: =FALSE() -> FALSE | I12: =FALSE() -> FALSE | J12: =FALSE() -> FALSE | K12: =FALSE() -> FALSE | ... AH12: =FALSE() -> FALSE | AI12: =IFERROR(COUNTIF(D12:AH12,TRUE())/COUNTA(D12:AH12),0) -> 0 | AJ12: =IFERROR(MAX(FREQUENCY(IF(D12:AH12=TRUE(),COLUMN(D12:AH12)-COLUMN(D12)+1),IF(D12:AH12<>TRUE(),COLUMN(D12:AH12)-COLUMN(D12)+1))),0) -> 0 | AK12: =COUNTIF(D12:AH12,TRUE()) -> 0 | AL12: [GS: =SPARKLINE(D12:AH12)]
A13: 11 | B13: Practice a Skill | C13: Learning | D13: =FALSE() -> FALSE | E13: =FALSE() -> FALSE | F13: =FALSE() -> FALSE | G13: =FALSE() -> FALSE | H13: =FALSE() -> FALSE | I13: =FALSE() -> FALSE | J13: =FALSE() -> FALSE | K13: =FALSE() -> FALSE | ... AH13: =FALSE() -> FALSE | AI13: =IFERROR(COUNTIF(D13:AH13,TRUE())/COUNTA(D13:AH13),0) -> 0 | AJ13: =IFERROR(MAX(FREQUENCY(IF(D13:AH13=TRUE(),COLUMN(D13:AH13)-COLUMN(D13)+1),IF(D13:AH13<>TRUE(),COLUMN(D13:AH13)-COLUMN(D13)+1))),0) -> 0 | AK13: =COUNTIF(D13:AH13,TRUE()) -> 0 | AL13: [GS: =SPARKLINE(D13:AH13)]
A14: 12 | B14: Creative Work | C14: Learning | D14: =FALSE() -> FALSE | E14: =FALSE() -> FALSE | F14: =FALSE() -> FALSE | G14: =FALSE() -> FALSE | H14: =FALSE() -> FALSE | I14: =FALSE() -> FALSE | J14: =FALSE() -> FALSE | K14: =FALSE() -> FALSE | ... AH14: =FALSE() -> FALSE | AI14: =IFERROR(COUNTIF(D14:AH14,TRUE())/COUNTA(D14:AH14),0) -> 0 | AJ14: =IFERROR(MAX(FREQUENCY(IF(D14:AH14=TRUE(),COLUMN(D14:AH14)-COLUMN(D14)+1),IF(D14:AH14<>TRUE(),COLUMN(D14:AH14)-COLUMN(D14)+1))),0) -> 0 | AK14: =COUNTIF(D14:AH14,TRUE()) -> 0 | AL14: [GS: =SPARKLINE(D14:AH14)]
... A30: 28 | B30: Digital Detox | C30: Mindset | D30: =FALSE() -> FALSE | E30: =FALSE() -> FALSE | F30: =FALSE() -> FALSE | G30: =FALSE() -> FALSE | H30: =FALSE() -> FALSE | I30: =FALSE() -> FALSE | J30: =FALSE() -> FALSE | K30: =FALSE() -> FALSE | ... AH30: =FALSE() -> FALSE | AI30: =IFERROR(COUNTIF(D30:AH30,TRUE())/COUNTA(D30:AH30),0) -> 0 | AJ30: =IFERROR(MAX(FREQUENCY(IF(D30:AH30=TRUE(),COLUMN(D30:AH30)-COLUMN(D30)+1),IF(D30:AH30<>TRUE(),COLUMN(D30:AH30)-COLUMN(D30)+1))),0) -> 0 | AK30: =COUNTIF(D30:AH30,TRUE()) -> 0 | AL30: [GS: =SPARKLINE(D30:AH30)]

Sheet Habits
A1: No. | B1: Habit Name | C1: Category
A2: 1 | B2: Morning Exercise | C2: Health
A3: 2 | B3: Hydration 2L | C3: Health
A4: 3 | B4: Sleep by 10 pm | C4: Health
A5: 4 | B5: No Junk Food | C5: Health
A6: 5 | B6: Walk 10k Steps | C6: Health
A7: 6 | B7: Cook at Home | C7: Health
A8: 7 | B8: Read 30 min | C8: Learning
A9: 8 | B9: Journal | C9: Learning
A10: 9 | B10: Learn a Language | C10: Learning
A11: 10 | B11: Gratitude List | C11: Learning
A12: 11 | B12: Practice a Skill | C12: Learning
A13: 12 | B13: Creative Work | C13: Learning
... A29: 28 | B29: Digital Detox | C29: Mindset

Sheet Summary
A1: # | B1: Habit | C1: Category | D1: Progress % | E1: Longest Streak | F1: Current Streak
A2: 1 | B2: =Tracker!B3 -> Morning Exercise | C2: =Tracker!C3 -> Health | D2: =Tracker!AI3 -> 0 | E2: =Tracker!AJ3 -> 0 | F2: =Tracker!AK3 -> 0
A3: 2 | B3: =Tracker!B4 -> Hydration 2L | C3: =Tracker!C4 -> Health | D3: =Tracker!AI4 -> 0 | E3: =Tracker!AJ4 -> 0 | F3: =Tracker!AK4 -> 0
A4: 3 | B4: =Tracker!B5 -> Sleep by 10 pm | C4: =Tracker!C5 -> Health | D4: =Tracker!AI5 -> 0 | E4: =Tracker!AJ5 -> 0 | F4: =Tracker!AK5 -> 0
A5: 4 | B5: =Tracker!B6 -> No Junk Food | C5: =Tracker!C6 -> Health | D5: =Tracker!AI6 -> 0 | E5: =Tracker!AJ6 -> 0 | F5: =Tracker!AK6 -> 0
A6: 5 | B6: =Tracker!B7 -> Walk 10k Steps | C6: =Tracker!C7 -> Health | D6: =Tracker!AI7 -> 0 | E6: =Tracker!AJ7 -> 0 | F6: =Tracker!AK7 -> 0
A7: 6 | B7: =Tracker!B8 -> Cook at Home | C7: =Tracker!C8 -> Health | D7: =Tracker!AI8 -> 0 | E7: =Tracker!AJ8 -> 0 | F7: =Tracker!AK8 -> 0
A8: 7 | B8: =Tracker!B9 -> Read 30 min | C8: =Tracker!C9 -> Learning | D8: =Tracker!AI9 -> 0 | E8: =Tracker!AJ9 -> 0 | F8: =Tracker!AK9 -> 0
A9: 8 | B9: =Tracker!B10 -> Journal | C9: =Tracker!C10 -> Learning | D9: =Tracker!AI10 -> 0 | E9: =Tracker!AJ10 -> 0 | F9: =Tracker!AK10 -> 0
A10: 9 | B10: =Tracker!B11 -> Learn a Language | C10: =Tracker!C11 -> Learning | D10: =Tracker!AI11 -> 0 | E10: =Tracker!AJ11 -> 0 | F10: =Tracker!AK11 -> 0
A11: 10 | B11: =Tracker!B12 -> Gratitude List | C11: =Tracker!C12 -> Learning | D11: =Tracker!AI12 -> 0 | E11: =Tracker!AJ12 -> 0 | F11: =Tracker!AK12 -> 0
A12: 11 | B12: =Tracker!B13 -> Practice a Skill | C12: =Tracker!C13 -> Learning | D12: =Tracker!AI13 -> 0 | E12: =Tracker!AJ13 -> 0 | F12: =Tracker!AK13 -> 0
A13: 12 | B13: =Tracker!B14 -> Creative Work | C13: =Tracker!C14 -> Learning | D13: =Tracker!AI14 -> 0 | E13: =Tracker!AJ14 -> 0 | F13: =Tracker!AK14 -> 0
... A29: 28 | B29: =Tracker!B30 -> Digital Detox | C29: =Tracker!C30 -> Mindset | D29: =Tracker!AI30 -> 0 | E29: =Tracker!AJ30 -> 0 | F29: =Tracker!AK30 -> 0

Sheet Helper
A1: Day | B1: Daily Completion % | C1: 7-Day Rolling Avg | E1: Habit Name | F1: Completion % | G1: Category | I1: Habit | J1: Longest Streak | K1: Current Streak | M1: Category | N1: Avg Completion % | P1: Label | Q1: Value
A2: 1 | B2: =IFERROR(COUNTIF(Tracker!D3:D30,TRUE())/28,0) -> 0 | C2: =IFERROR(AVERAGE(B2:B2),0) -> 0 | E2: =Tracker!B3 -> Morning Exercise | F2: =Tracker!AI3 -> 0 | G2: =Tracker!C3 -> Health | I2: =Tracker!B3 -> Morning Exercise | J2: =Tracker!AJ3 -> 0 | K2: =Tracker!AK3 -> 0 | M2: Career | N2: =IFERROR(AVERAGEIF(Helper!G2:G29,M2,Helper!F2:F29),0) -> 0 | P2: Completed | Q2: =IFERROR(AVERAGE(Tracker!AI3:AI30),0) -> 0
A3: 2 | B3: =IFERROR(COUNTIF(Tracker!E3:E30,TRUE())/28,0) -> 0 | C3: =IFERROR(AVERAGE(B2:B3),0) -> 0 | E3: =Tracker!B4 -> Hydration 2L | F3: =Tracker!AI4 -> 0 | G3: =Tracker!C4 -> Health | I3: =Tracker!B4 -> Hydration 2L | J3: =Tracker!AJ4 -> 0 | K3: =Tracker!AK4 -> 0 | M3: Finance | N3: =IFERROR(AVERAGEIF(Helper!G2:G29,M3,Helper!F2:F29),0) -> 0 | P3: Remaining | Q3: =IFERROR(1-Q2,1) -> 1
A4: 3 | B4: =IFERROR(COUNTIF(Tracker!F3:F30,TRUE())/28,0) -> 0 | C4: =IFERROR(AVERAGE(B2:B4),0) -> 0 | E4: =Tracker!B5 -> Sleep by 10 pm | F4: =Tracker!AI5 -> 0 | G4: =Tracker!C5 -> Health | I4: =Tracker!B5 -> Sleep by 10 pm | J4: =Tracker!AJ5 -> 0 | K4: =Tracker!AK5 -> 0 | M4: Health | N4: =IFERROR(AVERAGEIF(Helper!G2:G29,M4,Helper!F2:F29),0) -> 0
A5: 4 | B5: =IFERROR(COUNTIF(Tracker!G3:G30,TRUE())/28,0) -> 0 | C5: =IFERROR(AVERAGE(B2:B5),0) -> 0 | E5: =Tracker!B6 -> No Junk Food | F5: =Tracker!AI6 -> 0 | G5: =Tracker!C6 -> Health | I5: =Tracker!B6 -> No Junk Food | J5: =Tracker!AJ6 -> 0 | K5: =Tracker!AK6 -> 0 | M5: Learning | N5: =IFERROR(AVERAGEIF(Helper!G2:G29,M5,Helper!F2:F29),0) -> 0
A6: 5 | B6: =IFERROR(COUNTIF(Tracker!H3:H30,TRUE())/28,0) -> 0 | C6: =IFERROR(AVERAGE(B2:B6),0) -> 0 | E6: =Tracker!B7 -> Walk 10k Steps | F6: =Tracker!AI7 -> 0 | G6: =Tracker!C7 -> Health | I6: =Tracker!B7 -> Walk 10k Steps | J6: =Tracker!AJ7 -> 0 | K6: =Tracker!AK7 -> 0 | M6: Mindset | N6: =IFERROR(AVERAGEIF(Helper!G2:G29,M6,Helper!F2:F29),0) -> 0
A7: 6 | B7: =IFERROR(COUNTIF(Tracker!I3:I30,TRUE())/28,0) -> 0 | C7: =IFERROR(AVERAGE(B2:B7),0) -> 0 | E7: =Tracker!B8 -> Cook at Home | F7: =Tracker!AI8 -> 0 | G7: =Tracker!C8 -> Health | I7: =Tracker!B8 -> Cook at Home | J7: =Tracker!AJ8 -> 0 | K7: =Tracker!AK8 -> 0
A8: 7 | B8: =IFERROR(COUNTIF(Tracker!J3:J30,TRUE())/28,0) -> 0 | C8: =IFERROR(AVERAGE(B2:B8),0) -> 0 | E8: =Tracker!B9 -> Read 30 min | F8: =Tracker!AI9 -> 0 | G8: =Tracker!C9 -> Learning | I8: =Tracker!B9 -> Read 30 min | J8: =Tracker!AJ9 -> 0 | K8: =Tracker!AK9 -> 0
A9: 8 | B9: =IFERROR(COUNTIF(Tracker!K3:K30,TRUE())/28,0) -> 0 | C9: =IFERROR(AVERAGE(B3:B9),0) -> 0 | E9: =Tracker!B10 -> Journal | F9: =Tracker!AI10 -> 0 | G9: =Tracker!C10 -> Learning | I9: =Tracker!B10 -> Journal | J9: =Tracker!AJ10 -> 0 | K9: =Tracker!AK10 -> 0
A10: 9 | B10: =IFERROR(COUNTIF(Tracker!L3:L30,TRUE())/28,0) -> 0 | C10: =IFERROR(AVERAGE(B4:B10),0) -> 0 | E10: =Tracker!B11 -> Learn a Language | F10: =Tracker!AI11 -> 0 | G10: =Tracker!C11 -> Learning | I10: =Tracker!B11 -> Learn a Language | J10: =Tracker!AJ11 -> 0 | K10: =Tracker!AK11 -> 0
A11: 10 | B11: =IFERROR(COUNTIF(Tracker!M3:M30,TRUE())/28,0) -> 0 | C11: =IFERROR(AVERAGE(B5:B11),0) -> 0 | E11: =Tracker!B12 -> Gratitude List | F11: =Tracker!AI12 -> 0 | G11: =Tracker!C12 -> Learning | I11: =Tracker!B12 -> Gratitude List | J11: =Tracker!AJ12 -> 0 | K11: =Tracker!AK12 -> 0
A12: 11 | B12: =IFERROR(COUNTIF(Tracker!N3:N30,TRUE())/28,0) -> 0 | C12: =IFERROR(AVERAGE(B6:B12),0) -> 0 | E12: =Tracker!B13 -> Practice a Skill | F12: =Tracker!AI13 -> 0 | G12: =Tracker!C13 -> Learning | I12: =Tracker!B13 -> Practice a Skill | J12: =Tracker!AJ13 -> 0 | K12: =Tracker!AK13 -> 0
A13: 12 | B13: =IFERROR(COUNTIF(Tracker!O3:O30,TRUE())/28,0) -> 0 | C13: =IFERROR(AVERAGE(B7:B13),0) -> 0 | E13: =Tracker!B14 -> Creative Work | F13: =Tracker!AI14 -> 0 | G13: =Tracker!C14 -> Learning | I13: =Tracker!B14 -> Creative Work | J13: =Tracker!AJ14 -> 0 | K13: =Tracker!AK14 -> 0
A14: 13 | B14: =IFERROR(COUNTIF(Tracker!P3:P30,TRUE())/28,0) -> 0 | C14: =IFERROR(AVERAGE(B8:B14),0) -> 0 | E14: =Tracker!B15 -> Learning Module | F14: =Tracker!AI15 -> 0 | G14: =Tracker!C15 -> Learning | I14: =Tracker!B15 -> Learning Module | J14: =Tracker!AJ15 -> 0 | K14: =Tracker!AK15 -> 0
A15: 14 | B15: =IFERROR(COUNTIF(Tracker!Q3:Q30,TRUE())/28,0) -> 0 | C15: =IFERROR(AVERAGE(B9:B15),0) -> 0 | E15: =Tracker!B16 -> Deep Work Block | F15: =Tracker!AI16 -> 0 | G15: =Tracker!C16 -> Career | I15: =Tracker!B16 -> Deep Work Block | J15: =Tracker!AJ16 -> 0 | K15: =Tracker!AK16 -> 0
A16: 15 | B16: =IFERROR(COUNTIF(Tracker!R3:R30,TRUE())/28,0) -> 0 | C16: =IFERROR(AVERAGE(B10:B16),0) -> 0 | E16: =Tracker!B17 -> Review Goals | F16: =Tracker!AI17 -> 0 | G16: =Tracker!C17 -> Career | I16: =Tracker!B17 -> Review Goals | J16: =Tracker!AJ17 -> 0 | K16: =Tracker!AK17 -> 0
A17: 16 | B17: =IFERROR(COUNTIF(Tracker!S3:S30,TRUE())/28,0) -> 0 | C17: =IFERROR(AVERAGE(B11:B17),0) -> 0 | E17: =Tracker!B18 -> No Social Media | F17: =Tracker!AI18 -> 0 | G17: =Tracker!C18 -> Career | I17: =Tracker!B18 -> No Social Media | J17: =Tracker!AJ18 -> 0 | K17: =Tracker!AK18 -> 0
A18: 17 | B18: =IFERROR(COUNTIF(Tracker!T3:T30,TRUE())/28,0) -> 0 | C18: =IFERROR(AVERAGE(B12:B18),0) -> 0 | E18: =Tracker!B19 -> Networking Task | F18: =Tracker!AI19 -> 0 | G18: =Tracker!C19 -> Career | I18: =Tracker!B19 -> Networking Task | J18: =Tracker!AJ19 -> 0 | K18: =Tracker!AK19 -> 0
A19: 18 | B19: =IFERROR(COUNTIF(Tracker!U3:U30,TRUE())/28,0) -> 0 | C19: =IFERROR(AVERAGE(B13:B19),0) -> 0 | E19: =Tracker!B20 -> Side Project | F19: =Tracker!AI20 -> 0 | G19: =Tracker!C20 -> Career | I19: =Tracker!B20 -> Side Project | J19: =Tracker!AJ20 -> 0 | K19: =Tracker!AK20 -> 0
A20: 19 | B20: =IFERROR(COUNTIF(Tracker!V3:V30,TRUE())/28,0) -> 0 | C20: =IFERROR(AVERAGE(B14:B20),0) -> 0 | E20: =Tracker!B21 -> Read Industry News | F20: =Tracker!AI21 -> 0 | G20: =Tracker!C21 -> Career | I20: =Tracker!B21 -> Read Industry News | J20: =Tracker!AJ21 -> 0 | K20: =Tracker!AK21 -> 0
A21: 20 | B21: =IFERROR(COUNTIF(Tracker!W3:W30,TRUE())/28,0) -> 0 | C21: =IFERROR(AVERAGE(B15:B21),0) -> 0 | E21: =Tracker!B22 -> Email Zero | F21: =Tracker!AI22 -> 0 | G21: =Tracker!C22 -> Career | I21: =Tracker!B22 -> Email Zero | J21: =Tracker!AJ22 -> 0 | K21: =Tracker!AK22 -> 0
A22: 21 | B22: =IFERROR(COUNTIF(Tracker!X3:X30,TRUE())/28,0) -> 0 | C22: =IFERROR(AVERAGE(B16:B22),0) -> 0 | E22: =Tracker!B23 -> Plan Tomorrow | F22: =Tracker!AI23 -> 0 | G22: =Tracker!C23 -> Career | I22: =Tracker!B23 -> Plan Tomorrow | J22: =Tracker!AJ23 -> 0 | K22: =Tracker!AK23 -> 0
A23: 22 | B23: =IFERROR(COUNTIF(Tracker!Y3:Y30,TRUE())/28,0) -> 0 | C23: =IFERROR(AVERAGE(B17:B23),0) -> 0 | E23: =Tracker!B24 -> Weekly Review | F23: =Tracker!AI24 -> 0 | G23: =Tracker!C24 -> Career | I23: =Tracker!B24 -> Weekly Review | J23: =Tracker!AJ24 -> 0 | K23: =Tracker!AK24 -> 0
A24: 23 | B24: =IFERROR(COUNTIF(Tracker!Z3:Z30,TRUE())/28,0) -> 0 | C24: =IFERROR(AVERAGE(B18:B24),0) -> 0 | E24: =Tracker!B25 -> Savings Transfer | F24: =Tracker!AI25 -> 0 | G24: =Tracker!C25 -> Finance | I24: =Tracker!B25 -> Savings Transfer | J24: =Tracker!AJ25 -> 0 | K24: =Tracker!AK25 -> 0
A25: 24 | B25: =IFERROR(COUNTIF(Tracker!AA3:AA30,TRUE())/28,0) -> 0 | C25: =IFERROR(AVERAGE(B19:B25),0) -> 0 | E25: =Tracker!B26 -> Track Spending | F25: =Tracker!AI26 -> 0 | G25: =Tracker!C26 -> Finance | I25: =Tracker!B26 -> Track Spending | J25: =Tracker!AJ26 -> 0 | K25: =Tracker!AK26 -> 0
A26: 25 | B26: =IFERROR(COUNTIF(Tracker!AB3:AB30,TRUE())/28,0) -> 0 | C26: =IFERROR(AVERAGE(B20:B26),0) -> 0 | E26: =Tracker!B27 -> No Impulse Buys | F26: =Tracker!AI27 -> 0 | G26: =Tracker!C27 -> Finance | I26: =Tracker!B27 -> No Impulse Buys | J26: =Tracker!AJ27 -> 0 | K26: =Tracker!AK27 -> 0
A27: 26 | B27: =IFERROR(COUNTIF(Tracker!AC3:AC30,TRUE())/28,0) -> 0 | C27: =IFERROR(AVERAGE(B21:B27),0) -> 0 | E27: =Tracker!B28 -> Affirmations | F27: =Tracker!AI28 -> 0 | G27: =Tracker!C28 -> Mindset | I27: =Tracker!B28 -> Affirmations | J27: =Tracker!AJ28 -> 0 | K27: =Tracker!AK28 -> 0
A28: 27 | B28: =IFERROR(COUNTIF(Tracker!AD3:AD30,TRUE())/28,0) -> 0 | C28: =IFERROR(AVERAGE(B22:B28),0) -> 0 | E28: =Tracker!B29 -> Outdoor Time | F28: =Tracker!AI29 -> 0 | G28: =Tracker!C29 -> Mindset | I28: =Tracker!B29 -> Outdoor Time | J28: =Tracker!AJ29 -> 0 | K28: =Tracker!AK29 -> 0
A29: 28 | B29: =IFERROR(COUNTIF(Tracker!AE3:AE30,TRUE())/28,0) -> 0 | C29: =IFERROR(AVERAGE(B23:B29),0) -> 0 | E29: =Tracker!B30 -> Digital Detox | F29: =Tracker!AI30 -> 0 | G29: =Tracker!C30 -> Mindset | I29: =Tracker!B30 -> Digital Detox | J29: =Tracker!AJ30 -> 0 | K29: =Tracker!AK30 -> 0
A30: 29 | B30: =IFERROR(COUNTIF(Tracker!AF3:AF30,TRUE())/28,0) -> 0 | C30: =IFERROR(AVERAGE(B24:B30),0) -> 0
A31: 30 | B31: =IFERROR(COUNTIF(Tracker!AG3:AG30,TRUE())/28,0) -> 0 | C31: =IFERROR(AVERAGE(B25:B31),0) -> 0
A32: 31 | B32: =IFERROR(COUNTIF(Tracker!AH3:AH30,TRUE())/28,0) -> 0 | C32: =IFERROR(AVERAGE(B26:B32),0) -> 0

Sheet AppScript
A1: APPS SCRIPT CODE — Paste into Extensions > Apps Script
A3: // =====================================================
A4: // Serenatas Habit Tracker — Apps Script Automation
A5: // =====================================================
A7: function onEdit(e) {
A8: var sheet = e.source.getActiveSheet();
A9: if (sheet.getName() === "Tracker" && e.range.getA1Notation() === "D1") {
A10: updateDateHeaders();
A11: }
A12: }
A14: function updateDateHeaders() {
A15: var ss = SpreadsheetApp.getActiveSpreadsheet();
... A45: }

Sheet HowToUse
A1: HOW TO COPY & USE — Serenatas Habit Tracker + Dashboard
A3: STEP 1 — Open in Google Sheets
A4: Upload this .xlsx file to Google Drive. Right-click → Open With → Google Sheets.
A5: Google Sheets will preserve all formulas, conditional formatting, and charts.
A7: STEP 2 — Add Apps Script (for full automation)
A8: 1. In Google Sheets: Extensions → Apps Script
A9: 2. Delete placeholder code. Paste the full script from the 'AppScript' tab.
A10: 3. Save (Ctrl+S). Close the editor.
A11: 4. Run setupNamedRanges() once from the editor (Run menu).
A13: STEP 3 — Set Your Month
A14: Go to the Tracker sheet. Click cell D1. Type or pick a date (e.g., 2025-03-01).
A15: The Apps Script will auto-update day headers and hide unused day columns.
... A43: F. Heatmap Grid → Dashboard B62:H66 (cf. Helper!B col)
